departement;categorie;titre;contenu;difficulte;rarete;source;consigne
45 Loiret;histoire;Orléans libérée;En 1429, Jeanne d’Arc rejoint Orléans alors que la ville résiste au siège anglais. Sa présence change le récit autant que la bataille. Pour GeoDoku, le Loiret devient immédiatement un territoire de mémoire nationale, concentré autour d’un épisode très lisible.;2;commune;Ville d'Orléans;moins de 15 secondes sur smartphone
45 Loiret;histoire;Une université de juristes;L’université d’Orléans, fondée au Moyen Âge, attire longtemps des étudiants en droit venus de toute l’Europe. Cette spécialisation donne à la ville un rôle intellectuel moins spectaculaire que Jeanne d’Arc, mais très structurant dans l’histoire urbaine du Loiret. Ce repère aide à mémoriser le département sans multiplier les dates.;4;peu commune;Université d'Orléans;moins de 15 secondes sur smartphone
45 Loiret;histoire;Saint-Benoît-sur-Loire;L’abbaye de Fleury, à Saint-Benoît-sur-Loire, fait du Loiret un département majeur du patrimoine monastique. Le site est lié au culte de saint Benoît et rappelle que la vallée de la Loire fut aussi un axe religieux et savant. Ce repère aide à mémoriser le département sans multiplier les dates.;3;peu commune;Abbaye de Fleury;moins de 15 secondes sur smartphone
45 Loiret;histoire;Sully et le pouvoir royal;Le château de Sully-sur-Loire garde la mémoire de Maximilien de Béthune, duc de Sully et ministre d’Henri IV. Ce n’est pas seulement une belle silhouette de Loire, mais un lieu qui raconte l’organisation politique et financière du royaume. Ce repère aide à mémoriser le département sans multiplier les dates.;3;commune;Château de Sully-sur-Loire;moins de 15 secondes sur smartphone
45 Loiret;histoire;La faïence de Gien;La faïencerie de Gien naît au XIXe siècle et transforme une ville ligérienne en nom familier des arts de la table. L’anecdote fonctionne bien car elle relie industrie, décoration et identité locale sans passer par un monument attendu. Ce repère aide à mémoriser le département sans multiplier les dates.;3;peu commune;Faïencerie de Gien;moins de 15 secondes sur smartphone
45 Loiret;histoire;Le canal de Briare;Le canal de Briare relie depuis l’époque moderne les bassins de la Loire et de la Seine. Il rappelle que le Loiret n’est pas seulement un territoire de châteaux ou de forêts, mais aussi un département d’ingénierie et de circulation.;4;rare;Voies navigables de France;moins de 15 secondes sur smartphone
45 Loiret;histoire;Mémoire de Pithiviers;Pendant la Seconde Guerre mondiale, le camp de Pithiviers sert notamment à l’internement de Juifs avant les déportations. Cette mémoire difficile donne au Loiret une profondeur historique sombre, importante à évoquer avec sobriété dans un jeu culturel. Ce repère aide à mémoriser le département sans multiplier les dates.;4;rare;Mémorial de la Shoah;moins de 15 secondes sur smartphone
45 Loiret;histoire;Mariniers de Châteauneuf;Châteauneuf-sur-Loire conserve une forte mémoire de la navigation fluviale. Avant le rail et la route moderne, la Loire transporte marchandises, hommes et nouvelles. Le Loiret se comprend alors comme un corridor vivant, pas seulement comme une carte administrative. Ce repère aide à mémoriser le département sans multiplier les dates.;3;peu commune;Musée de la Marine de Loire;moins de 15 secondes sur smartphone
45 Loiret;histoire;Montargis et la Chine;Montargis occupe une place inattendue dans l’histoire des liens franco-chinois. Des jeunes Chinois y passent au début du XXe siècle dans le cadre du mouvement travail-études. Cette trace donne au Loiret une ouverture internationale assez surprenante. Ce repère aide à mémoriser le département sans multiplier les dates.;4;rare;Musée Girodet Montargis;moins de 15 secondes sur smartphone
45 Loiret;histoire;Orléans reconstruite;Orléans a connu de lourdes destructions au XXe siècle, notamment pendant la Seconde Guerre mondiale. Une partie de son visage actuel vient donc d’une reconstruction. Cette idée nuance l’image d’une ville uniquement médiévale ou johannique. Ce repère aide à mémoriser le département sans multiplier les dates.;3;peu commune;Ville d'Orléans;moins de 15 secondes sur smartphone
45 Loiret;géographie;Entre Loire et Beauce;Le Loiret tient dans un contraste simple à lire. Au nord, la Beauce ouvre de grands horizons agricoles. Plus au sud, la Loire et ses forêts imposent une autre ambiance. Le département est un bon terrain pour comprendre les transitions françaises.;2;commune;IGN;moins de 15 secondes sur smartphone
45 Loiret;géographie;La forêt d’Orléans;La forêt d’Orléans est l’un des grands massifs domaniaux français. Elle donne au département une profondeur boisée que l’on oublie parfois derrière Orléans ou les bords de Loire. Pour GeoDoku, elle justifie des tags nature et ruralité. Ce repère donne une image claire du département en quelques secondes.;3;peu commune;Office national des forêts;moins de 15 secondes sur smartphone
45 Loiret;géographie;La Sologne au sud;Le sud du Loiret touche la Sologne, avec ses étangs, ses bois et ses sols plus humides. Ce paysage tranche avec la plaine céréalière. L’anecdote aide à lire le département comme une zone de contact plutôt qu’un bloc homogène. Ce repère donne une image claire du département en quelques secondes.;3;peu commune;Région Centre-Val de Loire;moins de 15 secondes sur smartphone
45 Loiret;géographie;Loing et Gâtinais;Autour de Montargis, le Loing et le Gâtinais donnent au Loiret une géographie plus douce, faite de vallées, canaux et petites villes. C’est une autre entrée que la Loire, plus discrète mais très utile pour comprendre l’est du département. Ce repère donne une image claire du département en quelques secondes.;3;peu commune;Office de tourisme Montargis;moins de 15 secondes sur smartphone
45 Loiret;géographie;Un carrefour d’eau;Avec la Loire, le Loing, les canaux et plusieurs zones humides, le Loiret possède une géographie d’eau plus riche qu’on ne l’imagine. Cette trame explique les circulations anciennes, les ports fluviaux et certains paysages très calmes. Ce repère donne une image claire du département en quelques secondes.;3;peu commune;Voies navigables de France;moins de 15 secondes sur smartphone
45 Loiret;gastronomie;Le cotignac d’Orléans;Le cotignac d’Orléans est une pâte de coing ancienne, souvent présentée dans de petites boîtes rondes. C’est une gourmandise modeste mais très identitaire. Elle raconte une ville marchande où les douceurs locales circulaient autant que les grandes histoires. Ce goût local donne une accroche simple au joueur sur smartphone.;3;peu commune;Office de tourisme Orléans;moins de 15 secondes sur smartphone
45 Loiret;gastronomie;Le vinaigre d’Orléans;Le vinaigre d’Orléans doit beaucoup à la circulation des vins sur la Loire. Les vins altérés pouvaient devenir une matière première utile. Cette transformation donne une anecdote gastronomique parfaite, car elle part d’un accident commercial pour créer un savoir-faire. Ce goût local donne une accroche simple au joueur sur smartphone.;3;peu commune;Maison Martin-Pouret;moins de 15 secondes sur smartphone
45 Loiret;gastronomie;Le pithiviers;Le pithiviers est un gâteau feuilleté à la crème d’amande, associé à la ville du même nom. Son nom suffit parfois à faire entrer le Loiret dans la carte gourmande française. C’est une spécialité claire, lisible et facile à mémoriser.;2;commune;Office de tourisme Pithiviers;moins de 15 secondes sur smartphone
45 Loiret;gastronomie;Les praslines de Montargis;Les praslines de Montargis sont des amandes caramélisées dont la réputation remonte à l’époque moderne. La recette paraît simple, mais son ancienneté donne du poids à l’anecdote. Elle associe Montargis à une douceur de voyage et de boutique. Ce goût local donne une accroche simple au joueur sur smartphone.;3;peu commune;Maison Mazet;moins de 15 secondes sur smartphone
45 Loiret;gastronomie;L’andouille de Jargeau;L’andouille de Jargeau donne au Loiret une spécialité plus rustique que les confiseries d’Orléans ou de Montargis. Elle rappelle que la gastronomie départementale ne se limite pas au sucré, mais passe aussi par les foires, boucheries et repas populaires. Ce goût local donne une accroche simple au joueur sur smartphone.;3;peu commune;Confrérie de Jargeau;moins de 15 secondes sur smartphone
45 Loiret;culture;Les fêtes johanniques;Chaque année, Orléans met en scène la mémoire de Jeanne d’Arc avec ses fêtes johanniques. Ce n’est pas seulement une commémoration historique, mais un rituel urbain qui structure l’identité locale. Le passé devient ici calendrier, costumes et rassemblement. C’est un repère culturel facile à retenir pendant une partie.;2;commune;Ville d'Orléans;moins de 15 secondes sur smartphone
45 Loiret;culture;Le musée de la Marine de Loire;À Châteauneuf-sur-Loire, le musée de la Marine de Loire rappelle que le fleuve fut une route culturelle. Les objets de navigation, les métiers et les récits de mariniers montrent une Loire quotidienne, loin de la simple carte postale. C’est un repère culturel facile à retenir pendant une partie.;3;peu commune;Musée de la Marine de Loire;moins de 15 secondes sur smartphone
45 Loiret;culture;Gien côté décor;La faïence de Gien donne au Loiret une culture visuelle très reconnaissable. Assiettes, motifs et couleurs font entrer le département dans les maisons. C’est une forme de patrimoine culturel domestique, moins monumental mais très présent dans la mémoire française. C’est un repère culturel facile à retenir pendant une partie.;3;peu commune;Faïencerie de Gien;moins de 15 secondes sur smartphone
45 Loiret;culture;Montargis et ses ponts;Montargis est souvent surnommée la Venise du Gâtinais à cause de ses canaux et de ses nombreux ponts. Le surnom est touristique, mais efficace. Il crée une image immédiate pour une ville qui pourrait sinon rester discrète. C’est un repère culturel facile à retenir pendant une partie.;2;commune;Office de tourisme Montargis;moins de 15 secondes sur smartphone
45 Loiret;culture;Le théâtre d’Orléans;Orléans possède une vie culturelle importante pour une ville moyenne, entre scène nationale, festivals et patrimoine musical. Cette présence rappelle que le Loiret n’est pas seulement un département historique. Il fonctionne aussi comme un pôle culturel régional actif. C’est un repère culturel facile à retenir pendant une partie.;3;commune;Scène nationale d'Orléans;moins de 15 secondes sur smartphone
45 Loiret;insolite;Un pont-canal spectaculaire;Le pont-canal de Briare permet à un canal de franchir la Loire. L’idée est simple et presque magique sur smartphone, car l’eau passe au-dessus de l’eau. C’est une anecdote d’ingénierie immédiatement compréhensible et très visuelle. Ce détail crée une image rapide, utile pour retenir le département.;2;commune;Voies navigables de France;moins de 15 secondes sur smartphone
45 Loiret;insolite;Yèvre-le-Châtel perché;Yèvre-le-Châtel offre une image inattendue du Loiret, avec ruines, remparts et village perché. On associe rarement ce département à une silhouette médiévale aussi compacte. C’est un bon exemple de patrimoine discret qui gagne à être révélé. Ce détail crée une image rapide, utile pour retenir le département.;3;peu commune;Les Plus Beaux Villages de France;moins de 15 secondes sur smartphone
45 Loiret;insolite;Une ville aux chiens;Montargis entretient une légende autour du chien de Montargis, récit médiéval où un animal aurait désigné un meurtrier. Même si la part de légende est forte, l’histoire montre comment une ville peut conserver une identité narrative très singulière. Ce détail crée une image rapide, utile pour retenir le département.;4;rare;Musée Girodet Montargis;moins de 15 secondes sur smartphone
45 Loiret;insolite;La Loire changeante;Dans le Loiret, la Loire peut paraître très large puis presque basse selon les saisons. Ses bancs de sable bougent et modifient la perception du fleuve. Cette instabilité donne un paysage vivant, plus imprévisible qu’une simple ligne bleue. Ce détail crée une image rapide, utile pour retenir le département.;3;peu commune;Conservatoire d'espaces naturels Centre-Val de Loire;moins de 15 secondes sur smartphone
45 Loiret;insolite;Un sucre devenu diplomate;Les douceurs de Montargis et d’Orléans racontent un Loiret de boutiques anciennes, mais aussi de cadeaux. Une petite confiserie peut devenir souvenir officiel, présent de voyage ou marqueur local. L’anecdote est légère, mais très efficace en découverte mobile. Ce détail crée une image rapide, utile pour retenir le département.;3;peu commune;Offices de tourisme du Loiret;moins de 15 secondes sur smartphone
77 Seine-et-Marne;histoire;Fontainebleau des rois;Fontainebleau a accueilli de nombreux souverains français pendant des siècles. Le château n’est pas seulement une résidence spectaculaire, mais une sorte de résumé habité de la monarchie. Pour GeoDoku, il donne à la Seine-et-Marne une puissance patrimoniale immédiate. Ce repère aide à mémoriser le département sans multiplier les dates.;2;commune;Château de Fontainebleau;moins de 15 secondes sur smartphone
77 Seine-et-Marne;histoire;L’adieu de Napoléon;En 1814, Napoléon fait ses adieux à sa garde dans la cour du château de Fontainebleau avant l’exil. L’épisode donne au lieu une force dramatique rare. Une seule scène suffit à transformer le département en décor d’histoire européenne. Ce repère aide à mémoriser le département sans multiplier les dates.;2;commune;Château de Fontainebleau;moins de 15 secondes sur smartphone
77 Seine-et-Marne;histoire;Vaux-le-Vicomte et Fouquet;Le château de Vaux-le-Vicomte est lié à Nicolas Fouquet, surintendant des finances de Louis XIV. Sa fête somptueuse de 1661 précède sa disgrâce. L’anecdote montre comment un lieu magnifique peut devenir le symbole d’un excès politique dangereux. Ce repère aide à mémoriser le département sans multiplier les dates.;3;commune;Château de Vaux-le-Vicomte;moins de 15 secondes sur smartphone
77 Seine-et-Marne;histoire;Provins et les foires;Provins rappelle la puissance des foires de Champagne au Moyen Âge. Marchands, changeurs et voyageurs y circulaient bien avant nos cartes modernes. La ville donne à la Seine-et-Marne une profondeur commerciale, européenne et médiévale très facile à comprendre. Ce repère aide à mémoriser le département sans multiplier les dates.;2;commune;UNESCO Provins;moins de 15 secondes sur smartphone
77 Seine-et-Marne;histoire;Meaux et Bossuet;Meaux reste associée à Bossuet, évêque, prédicateur et figure intellectuelle du Grand Siècle. Cette mémoire donne au département une entrée plus littéraire et religieuse que les châteaux. Une ville de Brie peut ainsi porter une histoire d’éloquence. Ce repère aide à mémoriser le département sans multiplier les dates.;4;peu commune;Ville de Meaux;moins de 15 secondes sur smartphone
77 Seine-et-Marne;histoire;Blandy-les-Tours;Le château de Blandy-les-Tours offre une forteresse médiévale très lisible, avec ses tours et son enceinte. Il rappelle que la Seine-et-Marne ne se limite pas aux palais raffinés. Le département possède aussi une mémoire de défense et de seigneuries locales.;3;peu commune;Château de Blandy-les-Tours;moins de 15 secondes sur smartphone
77 Seine-et-Marne;histoire;Champs-sur-Marne;Le château de Champs-sur-Marne raconte une élégance plus domestique que Versailles ou Fontainebleau. Salons, jardins et décors évoquent la sociabilité aristocratique du XVIIIe siècle. L’anecdote donne une nuance au département, entre grand pouvoir et art de vivre. Ce repère aide à mémoriser le département sans multiplier les dates.;4;peu commune;Centre des monuments nationaux;moins de 15 secondes sur smartphone
77 Seine-et-Marne;histoire;La Grande Guerre à Meaux;Le musée de la Grande Guerre de Meaux rappelle la proximité du front de 1914 avec l’Île-de-France. La Seine-et-Marne n’est pas seulement un arrière-pays de Paris. Elle porte aussi une mémoire militaire moderne, très concrète. Ce repère aide à mémoriser le département sans multiplier les dates.;3;peu commune;Musée de la Grande Guerre;moins de 15 secondes sur smartphone
77 Seine-et-Marne;histoire;Moret et les bords du Loing;Moret-sur-Loing conserve une histoire de petite ville fortifiée, posée sur un passage d’eau. Ses portes et ses quais montrent comment les vallées structuraient les circulations. L’histoire locale y devient immédiatement visible dans le paysage. Ce repère aide à mémoriser le département sans multiplier les dates.;3;peu commune;Office de tourisme Moret Seine et Loing;moins de 15 secondes sur smartphone
77 Seine-et-Marne;histoire;Brie et pouvoir capétien;La Brie seine-et-marnaise a longtemps été un espace agricole stratégique aux portes de Paris. Son rôle historique est moins spectaculaire qu’un château, mais essentiel. Nourrir, relier et protéger la capitale fait aussi partie de la grande histoire territoriale. Ce repère aide à mémoriser le département sans multiplier les dates.;4;peu commune;Archives départementales de Seine-et-Marne;moins de 15 secondes sur smartphone
77 Seine-et-Marne;géographie;Le grand département francilien;La Seine-et-Marne est le plus vaste département d’Île-de-France. Cette taille change tout, car elle associe villes nouvelles, villages, forêts, plateaux agricoles et vallées. Elle casse l’idée d’une région parisienne uniquement dense et urbaine. Ce repère donne une image claire du département en quelques secondes.;2;commune;INSEE;moins de 15 secondes sur smartphone
77 Seine-et-Marne;géographie;La forêt de Fontainebleau;La forêt de Fontainebleau offre un paysage de pins, sables et rochers de grès très différent des plaines voisines. Elle donne au département une image presque sportive et sauvage. C’est une nature francilienne, mais loin des clichés de banlieue. Ce repère donne une image claire du département en quelques secondes.;2;commune;Office national des forêts;moins de 15 secondes sur smartphone
77 Seine-et-Marne;géographie;Le plateau de Brie;Le plateau de Brie explique une grande partie de l’identité agricole du département. Ses terres ouvertes ont nourri Paris et soutenu les fromages locaux. L’anecdote est simple, mais utile, car elle relie paysage, économie et gastronomie. Ce repère donne une image claire du département en quelques secondes.;3;commune;Chambre d'agriculture Île-de-France;moins de 15 secondes sur smartphone
77 Seine-et-Marne;géographie;Marne, Seine et Loing;La Seine-et-Marne est traversée par plusieurs vallées importantes, dont la Marne, la Seine et le Loing. Ces axes donnent au département une géographie de passages. Les villes et les châteaux s’expliquent souvent par ces couloirs naturels. Ce repère donne une image claire du département en quelques secondes.;3;peu commune;IGN;moins de 15 secondes sur smartphone
77 Seine-et-Marne;géographie;Les Morin discrets;Le Grand Morin et le Petit Morin dessinent des vallées plus intimes que la Seine ou la Marne. Ils donnent au département des paysages de villages, moulins et coteaux. C’est une Seine-et-Marne plus douce, moins monumentale, mais très mémorisable. Ce repère donne une image claire du département en quelques secondes.;4;rare;Seine-et-Marne Attractivité;moins de 15 secondes sur smartphone
77 Seine-et-Marne;gastronomie;Le brie de Meaux;Le brie de Meaux est l’un des grands fromages français, avec une pâte souple et une croûte fleurie. Il ancre immédiatement la Seine-et-Marne dans une carte gourmande. Une seule spécialité suffit ici à donner une identité forte. Ce goût local donne une accroche simple au joueur sur smartphone.;1;commune;INAO;moins de 15 secondes sur smartphone
77 Seine-et-Marne;gastronomie;Le brie de Melun;Le brie de Melun est souvent plus corsé que le brie de Meaux. Cette nuance permet de comprendre que la gastronomie départementale n’est pas un bloc unique. Deux fromages proches peuvent raconter deux caractères, deux usages et deux mémoires locales.;3;peu commune;INAO;moins de 15 secondes sur smartphone
77 Seine-et-Marne;gastronomie;La moutarde de Meaux;La moutarde de Meaux, souvent associée à une présentation en pot de grès, donne au département une spécialité vive et reconnaissable. Elle rappelle que les produits de table ne sont pas seulement des accompagnements, mais aussi des signatures territoriales. Ce goût local donne une accroche simple au joueur sur smartphone.;3;peu commune;Maison Pommery;moins de 15 secondes sur smartphone
77 Seine-et-Marne;gastronomie;Les niflettes de Provins;Les niflettes sont de petites pâtisseries feuilletées à la crème, liées à Provins et à la Toussaint. Leur nom intrigue autant que leur forme. C’est une anecdote parfaite pour GeoDoku, car elle associe ville médiévale et gourmandise locale. Ce goût local donne une accroche simple au joueur sur smartphone.;3;rare;Office de tourisme Provins;moins de 15 secondes sur smartphone
77 Seine-et-Marne;gastronomie;Le sucre d’orge de Moret;Le sucre d’orge de Moret est une confiserie ancienne, associée à la ville de Moret-sur-Loing. Son histoire mêle douceur, tradition religieuse et savoir-faire local. Elle donne une entrée légère dans un département souvent dominé par les châteaux. Ce goût local donne une accroche simple au joueur sur smartphone.;4;rare;Office de tourisme Moret Seine et Loing;moins de 15 secondes sur smartphone
77 Seine-et-Marne;culture;Barbizon et les peintres;Barbizon est lié aux peintres paysagistes du XIXe siècle qui viennent travailler près de la forêt de Fontainebleau. Cette école change le regard porté sur la nature. La Seine-et-Marne devient ainsi un laboratoire de peinture en plein air. C’est un repère culturel facile à retenir pendant une partie.;3;commune;Musée des peintres de Barbizon;moins de 15 secondes sur smartphone
77 Seine-et-Marne;culture;Disneyland à Marne-la-Vallée;Disneyland Paris donne à la Seine-et-Marne une visibilité mondiale très contemporaine. Le contraste est fort avec Provins ou Fontainebleau. Le même département peut accueillir un imaginaire médiéval, monarchique et pop, ce qui le rend très polyvalent en jeu. C’est un repère culturel facile à retenir pendant une partie.;1;commune;Disneyland Paris;moins de 15 secondes sur smartphone
77 Seine-et-Marne;culture;Provins en spectacle;Provins ne vit pas seulement sur son classement patrimonial. La ville met en scène son passé avec fêtes médiévales, remparts et spectacles. Cette culture de la reconstitution rend le Moyen Âge accessible, visuel et très adapté à une lecture mobile.;2;commune;Office de tourisme Provins;moins de 15 secondes sur smartphone
77 Seine-et-Marne;culture;Le château comme décor;Fontainebleau a inspiré artistes, photographes, cinéastes et visiteurs du monde entier. Son escalier, ses galeries et ses cours forment un vocabulaire visuel immédiatement reconnaissable. La Seine-et-Marne y gagne une culture de décor autant qu’une histoire officielle. C’est un repère culturel facile à retenir pendant une partie.;2;commune;Château de Fontainebleau;moins de 15 secondes sur smartphone
77 Seine-et-Marne;culture;Meaux raconte 14-18;Le musée de la Grande Guerre de Meaux transforme une histoire nationale en expérience locale. Uniformes, affiches et objets quotidiens rapprochent le conflit du visiteur. Pour un jeu mobile, c’est une porte d’entrée claire vers une mémoire complexe. C’est un repère culturel facile à retenir pendant une partie.;3;peu commune;Musée de la Grande Guerre;moins de 15 secondes sur smartphone
77 Seine-et-Marne;insolite;Des rochers pour grimper;La forêt de Fontainebleau est devenue un haut lieu mondial de l’escalade de blocs. Des grimpeurs viennent pour ses rochers de grès, parfois très bas mais très techniques. L’anecdote montre une nature francilienne active, sportive et inattendue. Ce détail crée une image rapide, utile pour retenir le département.;2;commune;Office national des forêts;moins de 15 secondes sur smartphone
77 Seine-et-Marne;insolite;Les souterrains de Provins;Provins possède des galeries souterraines qui ajoutent une couche mystérieuse à la ville médiévale. Elles rappellent que le patrimoine ne se voit pas toujours depuis la rue. Sous les remparts et les maisons, la ville conserve une autre profondeur. Ce détail crée une image rapide, utile pour retenir le département.;3;peu commune;Office de tourisme Provins;moins de 15 secondes sur smartphone
77 Seine-et-Marne;insolite;Un château trop réussi;Vaux-le-Vicomte est souvent raconté comme un château si réussi qu’il aurait inquiété Louis XIV. Même si l’histoire est plus complexe, l’idée reste forte. Le lieu montre comment la beauté peut devenir un risque politique. Ce détail crée une image rapide, utile pour retenir le département.;3;peu commune;Château de Vaux-le-Vicomte;moins de 15 secondes sur smartphone
77 Seine-et-Marne;insolite;Un département très rural;Malgré son appartenance à l’Île-de-France, la Seine-et-Marne garde une forte image rurale. Champs, villages et forêts occupent une place majeure. C’est une surprise utile pour GeoDoku, car le département casse le réflexe Paris égal urbain. Ce détail crée une image rapide, utile pour retenir le département.;2;commune;INSEE;moins de 15 secondes sur smartphone
77 Seine-et-Marne;insolite;Moret, sucre et peinture;Moret-sur-Loing peut se raconter par une confiserie, des portes médiévales et les toiles de Sisley. Peu de petites villes concentrent des entrées aussi différentes. Cette densité discrète en fait une anecdote idéale pour découvrir autrement la Seine-et-Marne. Ce détail crée une image rapide, utile pour retenir le département.;3;rare;Office de tourisme Moret Seine et Loing;moins de 15 secondes sur smartphone
75 Paris;histoire;Lutèce sous Paris;Avant Paris, il y eut Lutèce, ville gallo-romaine dont on retrouve encore des traces dans les arènes ou les thermes de Cluny. L’anecdote rappelle que la capitale n’a pas commencé comme décor monumental, mais comme ville antique sur la Seine.;2;commune;Musée Carnavalet;moins de 15 secondes sur smartphone
75 Paris;histoire;Notre-Dame commencée au XIIe siècle;La construction de Notre-Dame de Paris débute au XIIe siècle et s’étend sur plusieurs générations. C’est une idée forte pour le joueur, car la cathédrale n’est pas seulement un monument. Elle est un chantier de longue durée devenu symbole mondial.;1;commune;Cathédrale Notre-Dame de Paris;moins de 15 secondes sur smartphone
75 Paris;histoire;La Bastille disparue;La Bastille est surtout connue par sa prise en 1789, mais la forteresse elle-même a disparu. Paris conserve donc un symbole politique plus qu’un bâtiment. La place raconte une absence devenue plus puissante que la pierre. Ce repère aide à mémoriser le département sans multiplier les dates.;1;commune;Musée Carnavalet;moins de 15 secondes sur smartphone
75 Paris;histoire;Haussmann redessine la ville;Au XIXe siècle, les travaux d’Haussmann transforment Paris avec de grands boulevards, des immeubles alignés et de nouvelles perspectives. L’anecdote est essentielle, car beaucoup de ce que l’on imagine comme Paris vient en réalité de cette refonte moderne. Ce repère aide à mémoriser le département sans multiplier les dates.;2;commune;Ville de Paris;moins de 15 secondes sur smartphone
75 Paris;histoire;La Commune de 1871;La Commune de Paris, en 1871, reste l’un des épisodes politiques les plus intenses de l’histoire française. Elle associe insurrection, répression et mémoire sociale. Pour GeoDoku, Paris devient ici un territoire de conflit, pas seulement de prestige. Ce repère aide à mémoriser le département sans multiplier les dates.;3;peu commune;Musée Carnavalet;moins de 15 secondes sur smartphone
75 Paris;histoire;La Libération de 1944;En août 1944, Paris est libérée après l’insurrection intérieure et l’arrivée des forces alliées. L’épisode garde une grande force symbolique. Il rappelle que la capitale peut devenir un théâtre militaire et populaire, pas uniquement institutionnel. Ce repère aide à mémoriser le département sans multiplier les dates.;2;commune;Musée de la Libération de Paris;moins de 15 secondes sur smartphone
75 Paris;histoire;La tour Eiffel provisoire;Construite pour l’Exposition universelle de 1889, la tour Eiffel n’était pas destinée à devenir immédiatement l’icône absolue de Paris. Son histoire montre comment un ouvrage contesté peut devenir un repère mondial, presque impossible à séparer de la ville. Ce repère aide à mémoriser le département sans multiplier les dates.;1;commune;Tour Eiffel;moins de 15 secondes sur smartphone
75 Paris;histoire;Le Louvre devient musée;Le Louvre fut d’abord une forteresse puis un palais avant de devenir un musée ouvert au public pendant la Révolution. Cette transformation résume Paris en une idée simple. Le pouvoir royal devient patrimoine partagé, puis attraction culturelle mondiale. Ce repère aide à mémoriser le département sans multiplier les dates.;1;commune;Musée du Louvre;moins de 15 secondes sur smartphone
75 Paris;histoire;Les catacombes réorganisent la mort;Les catacombes de Paris naissent du transfert d’ossements depuis des cimetières saturés à la fin du XVIIIe siècle. L’anecdote est forte car elle révèle une ville souterraine, pratique et macabre, sous la capitale élégante. Ce repère aide à mémoriser le département sans multiplier les dates.;2;commune;Catacombes de Paris;moins de 15 secondes sur smartphone
75 Paris;histoire;Père-Lachaise, cimetière jardin;Ouvert au début du XIXe siècle, le Père-Lachaise transforme le cimetière en lieu de promenade, de mémoire et de célébrité. Paris y raconte autrement son histoire culturelle. Les tombes deviennent des repères, presque des stations de musée en plein air.;2;commune;Ville de Paris;moins de 15 secondes sur smartphone
75 Paris;géographie;La Seine comme colonne vertébrale;La Seine organise Paris bien avant les monuments. Îles, ponts, quais et rives donnent une structure lisible à la ville. Pour un joueur, comprendre Paris par le fleuve évite de le réduire à une collection de lieux célèbres. Ce repère donne une image claire du département en quelques secondes.;1;commune;Ville de Paris;moins de 15 secondes sur smartphone
75 Paris;géographie;Les arrondissements en escargot;Les vingt arrondissements parisiens forment une spirale qui part du centre et tourne vers l’extérieur. Cette organisation administrative est très visuelle. Elle donne à Paris une géographie codée, presque ludique, idéale pour un jeu de territoire. Ce repère donne une image claire du département en quelques secondes.;2;commune;Ville de Paris;moins de 15 secondes sur smartphone
75 Paris;géographie;Des collines dans la capitale;Montmartre, Belleville ou la montagne Sainte-Geneviève rappellent que Paris n’est pas plat. Les reliefs sont modestes, mais ils changent les vues, les ambiances et l’histoire des quartiers. Une capitale dense peut aussi se lire par ses hauteurs. Ce repère donne une image claire du département en quelques secondes.;2;commune;IGN;moins de 15 secondes sur smartphone
75 Paris;géographie;Deux grands bois;Paris possède deux grands bois aux portes de la ville, Boulogne à l’ouest et Vincennes à l’est. Ils élargissent l’image de la capitale. Derrière la densité urbaine, Paris garde aussi des respirations vertes et très fréquentées. Ce repère donne une image claire du département en quelques secondes.;2;commune;Ville de Paris;moins de 15 secondes sur smartphone
75 Paris;géographie;Une petite surface très dense;Paris est une commune de superficie réduite par rapport à son rayonnement mondial. Cette contradiction est utile à retenir. Une petite surface concentre institutions, musées, gares, quartiers et symboles, ce qui explique son intensité territoriale exceptionnelle. Ce repère donne une image claire du département en quelques secondes.;2;commune;INSEE;moins de 15 secondes sur smartphone
75 Paris;gastronomie;Le bistrot parisien;Le bistrot parisien n’est pas seulement un type de restaurant. C’est une scène sociale faite de comptoir, plats simples, habitués et discussions rapides. Pour GeoDoku, il raconte une capitale vécue au quotidien, loin des seuls monuments. Ce goût local donne une accroche simple au joueur sur smartphone.;2;commune;Paris je t'aime Office de tourisme;moins de 15 secondes sur smartphone
75 Paris;gastronomie;La soupe à l’oignon;La soupe à l’oignon reste associée aux Halles et aux nuits parisiennes, même si elle dépasse largement la capitale. Elle fonctionne comme anecdote car elle raconte une cuisine de fatigue, de chaleur et de ville qui ne dort pas. Ce goût local donne une accroche simple au joueur sur smartphone.;2;commune;Paris je t'aime Office de tourisme;moins de 15 secondes sur smartphone
75 Paris;gastronomie;Le saint-honoré;Le gâteau saint-honoré, associé à la pâtisserie parisienne du XIXe siècle, porte le nom du patron des boulangers. Crème, choux et caramel en font une architecture sucrée. C’est une spécialité parfaite pour relier Paris à la haute pâtisserie. Ce goût local donne une accroche simple au joueur sur smartphone.;3;peu commune;Bibliothèque nationale de France;moins de 15 secondes sur smartphone
75 Paris;gastronomie;Les bouillons populaires;Les bouillons parisiens naissent comme des restaurants abordables servant vite et beaucoup. Leur décor peut être spectaculaire, mais leur idée forte reste sociale. Paris y devient une ville où l’on nourrit les foules, pas seulement les gourmets. Ce goût local donne une accroche simple au joueur sur smartphone.;3;peu commune;Paris je t'aime Office de tourisme;moins de 15 secondes sur smartphone
75 Paris;gastronomie;Le jambon-beurre urbain;Le jambon-beurre est devenu un symbole de repas parisien rapide, pratique et populaire. Rien de luxueux ici. L’anecdote fonctionne justement parce qu’elle oppose la capitale des grands chefs à une culture du comptoir, du train et de la pause courte.;2;commune;Observatoire du pain;moins de 15 secondes sur smartphone
75 Paris;culture;Le Louvre monde entier;Le Louvre donne à Paris une force culturelle mondiale, mais son succès tient aussi à sa variété. On y traverse l’Antiquité, la peinture européenne et l’histoire du palais. Une seule visite devient un résumé immense de plusieurs civilisations. C’est un repère culturel facile à retenir pendant une partie.;1;commune;Musée du Louvre;moins de 15 secondes sur smartphone
75 Paris;culture;Le cinéma naît en salle;En 1895, une projection publique des frères Lumière au Grand Café marque une étape majeure de l’histoire du cinéma. Paris devient alors un lieu de naissance du spectacle filmé. L’anecdote est courte, claire et immédiatement culturelle. C’est un repère culturel facile à retenir pendant une partie.;2;commune;Institut Lumière;moins de 15 secondes sur smartphone
75 Paris;culture;Saint-Germain jazz;Après la Seconde Guerre mondiale, Saint-Germain-des-Prés devient un lieu associé au jazz, aux caves et aux écrivains. L’anecdote montre un Paris nocturne et intellectuel. La culture n’est pas seulement dans les musées, elle descend aussi sous les rues. C’est un repère culturel facile à retenir pendant une partie.;3;peu commune;Paris je t'aime Office de tourisme;moins de 15 secondes sur smartphone
75 Paris;culture;La haute couture;Paris reste une capitale de la haute couture, avec des maisons, des défilés et un calendrier international. Cette culture du vêtement est un territoire en soi. Elle transforme rues, ateliers et vitrines en marqueurs visibles de puissance symbolique. C’est un repère culturel facile à retenir pendant une partie.;2;commune;Fédération de la Haute Couture;moins de 15 secondes sur smartphone
75 Paris;culture;Le treizième en fresques;Le treizième arrondissement est devenu l’un des grands terrains parisiens du street art monumental. Les façades y servent de pages urbaines. Cette anecdote donne une image contemporaine de Paris, moins carte postale et plus mur vivant. C’est un repère culturel facile à retenir pendant une partie.;3;peu commune;Ville de Paris;moins de 15 secondes sur smartphone
75 Paris;insolite;Le point zéro;Devant Notre-Dame se trouve le point zéro des routes de France. Beaucoup de visiteurs passent dessus sans le voir. L’anecdote est simple et efficace, car elle donne à une petite plaque le rôle symbolique de centre routier national. Ce détail crée une image rapide, utile pour retenir le département.;2;commune;Ville de Paris;moins de 15 secondes sur smartphone
75 Paris;insolite;Une vigne à Montmartre;Montmartre possède encore une petite vigne, le Clos Montmartre. Elle surprend car Paris semble trop dense pour ce genre de paysage. La vigne rappelle pourtant un passé de coteaux et de villages avant l’absorption par la capitale. Ce détail crée une image rapide, utile pour retenir le département.;2;commune;Musée de Montmartre;moins de 15 secondes sur smartphone
75 Paris;insolite;Une fausse façade;Paris possède quelques façades qui cachent des équipements techniques, comme des ventilations ou accès de réseau. Elles imitent l’immeuble ordinaire pour préserver la continuité de la rue. L’anecdote révèle une ville qui maquille parfois son infrastructure. Ce détail crée une image rapide, utile pour retenir le département.;4;rare;RATP;moins de 15 secondes sur smartphone
75 Paris;insolite;Le canal sous la ville;Le canal Saint-Martin disparaît par endroits sous des voûtes et des boulevards. Cette alternance entre eau visible et eau cachée donne un Paris presque secret. Un même canal peut être promenade, ouvrage technique et décor de cinéma. Ce détail crée une image rapide, utile pour retenir le département.;3;peu commune;Ville de Paris;moins de 15 secondes sur smartphone
75 Paris;insolite;La rue des Degrés;La rue des Degrés est souvent citée comme la plus courte rue de Paris. Elle tient presque uniquement dans un escalier. L’anecdote amuse parce qu’elle renverse l’image immense de la capitale par un détail minuscule et très facile à retenir.;3;peu commune;Ville de Paris;moins de 15 secondes sur smartphone
59 Nord;histoire;Lille devient française;Lille, longtemps liée aux Flandres, entre dans le royaume de France sous Louis XIV après les conquêtes du XVIIe siècle. La citadelle de Vauban rappelle cette histoire frontalière. Le Nord se lit ici comme un territoire disputé, fortifié et stratégique.;3;commune;Ville de Lille;moins de 15 secondes sur smartphone
59 Nord;histoire;Bouvines, bataille décisive;La bataille de Bouvines, en 1214, se déroule dans l’actuel département du Nord. Elle renforce l’autorité de Philippe Auguste et marque durablement l’histoire politique française. Une petite commune porte ainsi un épisode majeur de construction monarchique. Ce repère aide à mémoriser le département sans multiplier les dates.;3;peu commune;Archives départementales du Nord;moins de 15 secondes sur smartphone
59 Nord;histoire;Dunkerque 1940;L’évacuation de Dunkerque, en 1940, reste un épisode majeur de la Seconde Guerre mondiale. Des centaines de milliers de soldats alliés quittent la poche par la mer. Le Nord devient ici un paysage de plage, de guerre et de survie.;2;commune;Dunkerque Tourisme;moins de 15 secondes sur smartphone
59 Nord;histoire;Roubaix textile;Roubaix fut l’une des grandes villes textiles françaises, marquée par les usines, les filatures et les fortunes industrielles. Cette histoire explique encore son urbanisme. Pour GeoDoku, le Nord gagne une identité ouvrière très forte et immédiatement lisible. Ce repère aide à mémoriser le département sans multiplier les dates.;2;commune;Archives municipales de Roubaix;moins de 15 secondes sur smartphone
59 Nord;histoire;Le bassin minier;Le bassin minier du Nord et du Pas-de-Calais a façonné paysages, villes et mémoire ouvrière. Même si l’image dépasse les limites départementales, elle reste centrale pour comprendre le Nord. Terrils, corons et chevalements composent une géographie historique. Ce repère aide à mémoriser le département sans multiplier les dates.;2;commune;Mission Bassin Minier;moins de 15 secondes sur smartphone
59 Nord;histoire;Cambrai et la paix des Dames;Cambrai est associé à la paix des Dames, signée en 1529 entre puissances européennes. L’épisode montre que le Nord fut aussi un espace diplomatique. Les villes frontalières ne servent pas seulement à combattre, elles servent aussi à négocier. Ce repère aide à mémoriser le département sans multiplier les dates.;4;rare;Ville de Cambrai;moins de 15 secondes sur smartphone
59 Nord;histoire;Douai et son beffroi;Le beffroi de Douai rappelle l’autonomie urbaine et la puissance des villes du Nord. Plus qu’une belle tour, il raconte une culture civique. Dans cette région, la verticalité des beffrois signale autant la ville que l’église. Ce repère aide à mémoriser le département sans multiplier les dates.;3;peu commune;UNESCO Beffrois de Belgique et de France;moins de 15 secondes sur smartphone
59 Nord;histoire;Valenciennes artiste;Valenciennes fut surnommée l’Athènes du Nord pour son intense vie artistique et intellectuelle. Le surnom peut surprendre, mais il dit une vraie ambition urbaine. Le Nord n’est pas seulement industriel, il possède aussi une mémoire savante et artistique. Ce repère aide à mémoriser le département sans multiplier les dates.;4;rare;Ville de Valenciennes;moins de 15 secondes sur smartphone
59 Nord;histoire;Maubeuge fortifiée;Maubeuge, proche de la frontière belge, garde une histoire de place forte. Ses remparts et son rôle militaire rappellent que le Nord s’est longtemps pensé comme bordure défensive. Le département devient une ligne, pas seulement une région. Ce repère aide à mémoriser le département sans multiplier les dates.;3;peu commune;Ville de Maubeuge;moins de 15 secondes sur smartphone
59 Nord;histoire;Occupation de 14-18;Pendant la Première Guerre mondiale, une partie du Nord connaît l’occupation allemande. Cette expérience laisse une mémoire différente de celle du front seul. Le territoire raconte la guerre par la vie quotidienne, les contraintes et l’attente de la libération. Ce repère aide à mémoriser le département sans multiplier les dates.;4;peu commune;Archives départementales du Nord;moins de 15 secondes sur smartphone
59 Nord;géographie;Le point le plus au nord;Bray-Dunes est souvent citée comme la commune la plus septentrionale de France métropolitaine. Cette position donne au Nord un record très simple à retenir. Le département porte littéralement le nom de sa place sur la carte. Ce repère donne une image claire du département en quelques secondes.;1;commune;IGN;moins de 15 secondes sur smartphone
59 Nord;géographie;Flandre plate;La Flandre française donne au Nord de grands horizons bas, des vents et des villages de brique. Ce relief discret est important. Il explique autant les paysages agricoles que les silhouettes de beffrois et les ciels très ouverts. Ce repère donne une image claire du département en quelques secondes.;2;commune;Parc naturel régional des Caps et Marais d'Opale;moins de 15 secondes sur smartphone
59 Nord;géographie;Le port de Dunkerque;Dunkerque donne au Nord une façade maritime puissante, industrielle et commerciale. Le département n’est donc pas seulement frontalier et ouvrier. Il est aussi tourné vers la mer du Nord, les ferries, les docks et les grands trafics. Ce repère donne une image claire du département en quelques secondes.;2;commune;Grand Port Maritime de Dunkerque;moins de 15 secondes sur smartphone
59 Nord;géographie;L’Avesnois bocager;L’Avesnois offre une image plus verte et vallonnée du Nord, avec bocage, prairies et villages de pierre bleue. Cette zone casse le cliché d’un département uniquement plat ou industriel. Le Nord possède aussi une campagne intime. Ce repère donne une image claire du département en quelques secondes.;3;peu commune;Parc naturel régional de l'Avesnois;moins de 15 secondes sur smartphone
59 Nord;géographie;Scarpe et Escaut;Le parc naturel Scarpe-Escaut montre un Nord de zones humides, forêts et anciennes activités minières. La géographie y rencontre l’histoire industrielle. C’est une bonne anecdote pour montrer que nature et mémoire ouvrière peuvent partager le même territoire. Ce repère donne une image claire du département en quelques secondes.;3;peu commune;Parc naturel régional Scarpe-Escaut;moins de 15 secondes sur smartphone
59 Nord;gastronomie;La carbonnade flamande;La carbonnade flamande associe viande mijotée, bière et pain d’épices ou cassonade selon les recettes. Elle donne au Nord une cuisine de chaleur et de lenteur. Une anecdote simple, parce qu’elle résume climat, bière et convivialité en un plat. Ce goût local donne une accroche simple au joueur sur smartphone.;1;commune;Comité régional de tourisme Hauts-de-France;moins de 15 secondes sur smartphone
59 Nord;gastronomie;Le maroilles;Le maroilles est l’un des fromages les plus reconnaissables du Nord par son odeur et son caractère. Il vient de l’Avesnois et raconte une gastronomie franche. Dans un jeu, c’est une réponse forte car elle marque immédiatement la mémoire. Ce goût local donne une accroche simple au joueur sur smartphone.;1;commune;INAO;moins de 15 secondes sur smartphone
59 Nord;gastronomie;Moules-frites de carnaval;À Dunkerque, les moules-frites accompagnent volontiers l’imaginaire maritime et festif. Le plat n’est pas propre à la ville seule, mais il colle parfaitement à son ambiance. Mer, foule et convivialité se retrouvent dans une assiette très lisible. Ce goût local donne une accroche simple au joueur sur smartphone.;2;commune;Dunkerque Tourisme;moins de 15 secondes sur smartphone
59 Nord;gastronomie;La gaufre lilloise;La gaufre fourrée lilloise, fine et parfumée, fait partie des douceurs emblématiques de la ville. Elle évoque les boutiques anciennes et les cadeaux que l’on rapporte. Le Nord gagne ici une facette délicate, loin des seuls plats robustes. Ce goût local donne une accroche simple au joueur sur smartphone.;2;commune;Office de tourisme de Lille;moins de 15 secondes sur smartphone
59 Nord;gastronomie;La bière du Nord;Le Nord possède une culture brassicole très forte, liée à la Flandre, aux estaminets et aux traditions locales. La bière y accompagne la cuisine, les fêtes et les sociabilités. C’est une clé simple pour comprendre l’ambiance régionale. Ce goût local donne une accroche simple au joueur sur smartphone.;2;commune;Comité régional de tourisme Hauts-de-France;moins de 15 secondes sur smartphone
59 Nord;culture;La braderie de Lille;La braderie de Lille transforme la ville en immense marché populaire. On y vient autant pour chiner que pour vivre l’ambiance. Cette culture de rue donne au Nord une image conviviale, dense et immédiatement reconnaissable, même pour un joueur novice.;1;commune;Ville de Lille;moins de 15 secondes sur smartphone
59 Nord;culture;Le carnaval de Dunkerque;Le carnaval de Dunkerque est un événement majeur de culture populaire, avec bandes, costumes, chants et foule compacte. Il raconte une ville portuaire par le corps et la fête. L’anecdote donne au Nord une énergie très spécifique. C’est un repère culturel facile à retenir pendant une partie.;1;commune;Dunkerque Tourisme;moins de 15 secondes sur smartphone
59 Nord;culture;La Piscine de Roubaix;Le musée La Piscine, installé dans un ancien établissement de bains, donne à Roubaix un lieu culturel unique. Le décor garde la mémoire de l’eau et du soin. C’est une reconversion très parlante d’un patrimoine urbain en musée. C’est un repère culturel facile à retenir pendant une partie.;2;commune;La Piscine Roubaix;moins de 15 secondes sur smartphone
59 Nord;culture;Les beffrois;Les beffrois du Nord racontent une culture urbaine de libertés communales, de cloches et de repères verticaux. Ils sont visibles, sonores et symboliques. Pour GeoDoku, ils transforment l’architecture en signe politique et populaire. C’est un repère culturel facile à retenir pendant une partie.;2;commune;UNESCO Beffrois de Belgique et de France;moins de 15 secondes sur smartphone
59 Nord;culture;La langue ch’ti;Le parler ch’ti, rendu très célèbre par la culture populaire, rappelle que le Nord possède une identité linguistique affective. Au-delà de la caricature, il dit un rapport au territoire, à l’humour et à la proximité sociale. C’est un repère culturel facile à retenir pendant une partie.;2;commune;Comité régional de tourisme Hauts-de-France;moins de 15 secondes sur smartphone
59 Nord;insolite;Les géants du Nord;Les géants processionnels font partie des traditions festives du Nord et de la Belgique voisine. Ces grandes figures portées dans les rues donnent une présence presque théâtrale aux villes. L’anecdote est visuelle, joyeuse et très facile à retenir. Ce détail crée une image rapide, utile pour retenir le département.;2;commune;UNESCO Géants et dragons processionnels;moins de 15 secondes sur smartphone
59 Nord;insolite;La Villa Cavrois;À Croix, la Villa Cavrois surprend par son modernisme élégant au milieu de la métropole lilloise. Elle montre que le Nord industriel a aussi produit une architecture d’avant-garde. Ce contraste rend l’anecdote beaucoup plus forte qu’une simple maison. Ce détail crée une image rapide, utile pour retenir le département.;3;peu commune;Centre des monuments nationaux;moins de 15 secondes sur smartphone
59 Nord;insolite;Les douches de Roubaix;L’arrivée du Paris-Roubaix se termine au vélodrome de Roubaix, où les célèbres douches portent les noms des vainqueurs. Le détail est presque muséal. Une course cycliste devient un lieu, une mémoire et un rituel sportif. Ce détail crée une image rapide, utile pour retenir le département.;3;peu commune;Paris-Roubaix;moins de 15 secondes sur smartphone
59 Nord;insolite;Cassel sur sa hauteur;Cassel surprend parce qu’elle domine la plaine flamande depuis une hauteur très nette. Dans un département souvent imaginé plat, ce relief devient un signal. Le village prouve que le Nord sait aussi jouer avec les points de vue. Ce détail crée une image rapide, utile pour retenir le département.;3;peu commune;Office de tourisme de Flandre;moins de 15 secondes sur smartphone
59 Nord;insolite;La Vieille Bourse vivante;À Lille, la cour de la Vieille Bourse accueille bouquinistes, joueurs d’échecs et promeneurs. Le monument n’est donc pas figé. Il fonctionne comme une scène quotidienne, où le patrimoine reste vivant sans perdre son élégance. Ce détail crée une image rapide, utile pour retenir le département.;2;commune;Ville de Lille;moins de 15 secondes sur smartphone
69 Rhône;histoire;Lugdunum capitale;Lyon naît comme Lugdunum, grande ville romaine et capitale des Gaules. Cette origine donne au Rhône une profondeur antique exceptionnelle. Avant les bouchons, les traboules ou la soie, le territoire s’impose déjà comme un centre politique majeur. Ce repère aide à mémoriser le département sans multiplier les dates.;2;commune;Musée Lugdunum;moins de 15 secondes sur smartphone
69 Rhône;histoire;Les théâtres de Fourvière;Les théâtres antiques de Fourvière rappellent que le spectacle public existait déjà dans la ville romaine. Leur présence rend l’Antiquité très visible. Le Rhône possède ainsi un patrimoine ancien que l’on peut comprendre immédiatement par la forme des gradins. Ce repère aide à mémoriser le département sans multiplier les dates.;2;commune;Musée Lugdunum;moins de 15 secondes sur smartphone
69 Rhône;histoire;La soie des canuts;Au XIXe siècle, les canuts de la Croix-Rousse font de Lyon une capitale de la soie. Leur travail marque l’architecture, les pentes et les luttes sociales. L’anecdote relie savoir-faire, ville haute et mémoire ouvrière. Ce repère aide à mémoriser le département sans multiplier les dates.;2;commune;Musée des Tissus Lyon;moins de 15 secondes sur smartphone
69 Rhône;histoire;Révoltes canuses;Les révoltes des canuts montrent que l’histoire lyonnaise n’est pas seulement commerçante ou gastronomique. Elle porte aussi une mémoire sociale forte, liée aux conditions de travail. Le Rhône devient ici un département de conflit ouvrier et d’organisation collective. Ce repère aide à mémoriser le département sans multiplier les dates.;3;peu commune;Archives municipales de Lyon;moins de 15 secondes sur smartphone
69 Rhône;histoire;Lyon imprime;À la Renaissance, Lyon devient un grand centre de l’imprimerie et du livre. Sa position commerciale aide les textes à circuler. Cette histoire donne au Rhône une identité savante et marchande, moins connue que la gastronomie mais très structurante. Ce repère aide à mémoriser le département sans multiplier les dates.;3;peu commune;Musée de l'Imprimerie Lyon;moins de 15 secondes sur smartphone
69 Rhône;histoire;Les foires de Lyon;Les foires lyonnaises font de la ville un carrefour européen de marchands, banquiers et produits. Le Rhône se comprend alors comme un espace d’échanges. Cette mémoire commerciale explique en partie la puissance urbaine de Lyon avant l’industrie moderne. Ce repère aide à mémoriser le département sans multiplier les dates.;3;peu commune;Archives municipales de Lyon;moins de 15 secondes sur smartphone
69 Rhône;histoire;Traboules et Résistance;Les traboules lyonnaises, passages à travers les immeubles, sont souvent associées à la Résistance pendant la Seconde Guerre mondiale. Elles rappellent que l’architecture peut servir de refuge, de raccourci et de réseau discret dans une ville surveillée. Ce repère aide à mémoriser le département sans multiplier les dates.;3;commune;Centre d'Histoire de la Résistance et de la Déportation;moins de 15 secondes sur smartphone
69 Rhône;histoire;Fourvière votive;La basilique de Fourvière domine Lyon et reste liée à des vœux religieux et à une forte dévotion locale. Son emplacement en hauteur donne au monument une puissance visuelle immédiate. Le Rhône y associe spiritualité, silhouette urbaine et panorama. Ce repère aide à mémoriser le département sans multiplier les dates.;3;commune;Basilique Notre-Dame de Fourvière;moins de 15 secondes sur smartphone
69 Rhône;histoire;Guignol naît à Lyon;Guignol apparaît à Lyon au début du XIXe siècle, créé par Laurent Mourguet. La marionnette garde une voix populaire et satirique. L’anecdote donne au Rhône une histoire théâtrale accessible, drôle et plus politique qu’elle n’en a l’air. Ce repère aide à mémoriser le département sans multiplier les dates.;2;commune;Musée Gadagne;moins de 15 secondes sur smartphone
69 Rhône;histoire;Le Beaujolais dans le département;Le Rhône porte une partie du Beaujolais, territoire viticole qui a construit une notoriété internationale. L’histoire locale y passe par les caves, les villages et le commerce du vin. Le département dépasse ainsi largement le seul cadre lyonnais. Ce repère aide à mémoriser le département sans multiplier les dates.;2;commune;Inter Beaujolais;moins de 15 secondes sur smartphone
69 Rhône;géographie;La confluence;Lyon est construite autour de la rencontre du Rhône et de la Saône. Cette confluence donne une lecture très simple du territoire. Deux fleuves, deux rythmes et une presqu’île expliquent une grande partie de la forme urbaine. Ce repère donne une image claire du département en quelques secondes.;1;commune;Métropole de Lyon;moins de 15 secondes sur smartphone
69 Rhône;géographie;Les monts du Lyonnais;Les monts du Lyonnais rappellent que le Rhône n’est pas seulement urbain. À l’ouest, reliefs, villages et vergers donnent une respiration rurale. Cette géographie de proximité permet de passer rapidement de la grande ville à un paysage plus doux. Ce repère donne une image claire du département en quelques secondes.;3;peu commune;Rhône Tourisme;moins de 15 secondes sur smartphone
69 Rhône;géographie;Le Beaujolais vallonné;Le Beaujolais forme un paysage de coteaux, de vignes et de villages en pierre dorée. Il donne au département une géographie viticole très lisible. Pour GeoDoku, c’est une alternative rurale et gourmande à l’image métropolitaine de Lyon. Ce repère donne une image claire du département en quelques secondes.;2;commune;Inter Beaujolais;moins de 15 secondes sur smartphone
69 Rhône;géographie;Les pierres dorées;Au nord-ouest de Lyon, des villages construits en pierre dorée donnent une couleur chaude au paysage. Cette géologie visible transforme l’architecture en marqueur territorial. Le Rhône devient alors immédiatement reconnaissable par la matière même des maisons. Ce repère donne une image claire du département en quelques secondes.;3;peu commune;Office de tourisme Beaujolais;moins de 15 secondes sur smartphone
69 Rhône;géographie;Un couloir de circulation;La vallée du Rhône est l’un des grands axes de circulation français, entre nord et Méditerranée. Même si le département est petit, sa position est décisive. Le Rhône se comprend comme un passage autant que comme une destination. Ce repère donne une image claire du département en quelques secondes.;2;commune;IGN;moins de 15 secondes sur smartphone
69 Rhône;gastronomie;Le bouchon lyonnais;Le bouchon lyonnais concentre une cuisine de salle, de nappe, de plats généreux et de conversations. Il n’est pas qu’un restaurant typique. C’est une scène sociale où la ville se raconte par l’assiette, le vin et l’habitude. Ce goût local donne une accroche simple au joueur sur smartphone.;1;commune;Office de tourisme de Lyon;moins de 15 secondes sur smartphone
69 Rhône;gastronomie;La quenelle;La quenelle lyonnaise, souvent servie avec une sauce onctueuse, donne au Rhône une spécialité immédiatement identifiable. Sa texture compte autant que son goût. L’anecdote marche bien car elle associe cuisine populaire, technique et mémoire des tables lyonnaises. Ce goût local donne une accroche simple au joueur sur smartphone.;2;commune;Office de tourisme de Lyon;moins de 15 secondes sur smartphone
69 Rhône;gastronomie;La praline rose;La praline rose donne à Lyon une couleur gourmande très reconnaissable. On la retrouve dans la brioche, les tartes ou les vitrines. Cette spécialité est utile en jeu, car elle crée une image simple, sucrée et visuelle. Ce goût local donne une accroche simple au joueur sur smartphone.;2;commune;Office de tourisme de Lyon;moins de 15 secondes sur smartphone
69 Rhône;gastronomie;La salade lyonnaise;La salade lyonnaise associe souvent salade, lardons, croûtons et œuf poché. Elle illustre une cuisine qui sait être simple mais nourrissante. Dans le Rhône, même une entrée peut raconter l’équilibre entre bistrot, tradition et efficacité. Ce goût local donne une accroche simple au joueur sur smartphone.;2;commune;Office de tourisme de Lyon;moins de 15 secondes sur smartphone
69 Rhône;gastronomie;Le beaujolais nouveau;Le beaujolais nouveau a rendu célèbre une sortie de vin presque événementielle. Chaque année, la bouteille devient prétexte à fête et communication. Le Rhône tient ici une anecdote gastronomique rare, où le calendrier compte autant que le produit. Ce goût local donne une accroche simple au joueur sur smartphone.;2;commune;Inter Beaujolais;moins de 15 secondes sur smartphone
69 Rhône;culture;Les frères Lumière;Lyon est liée aux frères Lumière, figures majeures des débuts du cinéma. Cette histoire donne au Rhône une place essentielle dans la culture visuelle moderne. Une ville industrielle et savante devient aussi un point de départ du regard filmé. C’est un repère culturel facile à retenir pendant une partie.;1;commune;Institut Lumière;moins de 15 secondes sur smartphone
69 Rhône;culture;La Fête des Lumières;La Fête des Lumières transforme Lyon en parcours nocturne, populaire et lumineux. Elle relie dévotion, tradition urbaine et création contemporaine. Pour un jeu mobile, l’image est très forte, car toute la ville devient écran et décor. C’est un repère culturel facile à retenir pendant une partie.;1;commune;Ville de Lyon;moins de 15 secondes sur smartphone
69 Rhône;culture;Les Nuits de Fourvière;Les Nuits de Fourvière utilisent les théâtres antiques comme scène de festival. La culture contemporaine s’installe dans un décor romain. Cette superposition donne une anecdote parfaite, car elle fait dialoguer patrimoine ancien et spectacles vivants. C’est un repère culturel facile à retenir pendant une partie.;2;commune;Nuits de Fourvière;moins de 15 secondes sur smartphone
69 Rhône;culture;Le musée des Confluences;Le musée des Confluences, posé près de la rencontre des fleuves, assume une architecture très contemporaine. Il raconte sciences, sociétés et récits du monde. Le Rhône y gagne une culture de curiosité, pas seulement de tradition lyonnaise. C’est un repère culturel facile à retenir pendant une partie.;2;commune;Musée des Confluences;moins de 15 secondes sur smartphone
69 Rhône;culture;Guignol parle au peuple;Guignol n’est pas seulement une marionnette pour enfants. À l’origine, il porte une parole populaire, satirique et lyonnaise. Cette culture légère en apparence donne au Rhône une manière de critiquer le pouvoir par le rire. C’est un repère culturel facile à retenir pendant une partie.;2;peu commune;Musée Gadagne;moins de 15 secondes sur smartphone
69 Rhône;insolite;Les traboules cachées;Les traboules permettent de passer d’une rue à l’autre en traversant des cours et des immeubles. Elles donnent à Lyon un réseau discret, presque secret. L’anecdote est efficace car elle transforme la marche urbaine en petit jeu d’exploration. Ce détail crée une image rapide, utile pour retenir le département.;2;commune;Office de tourisme de Lyon;moins de 15 secondes sur smartphone
69 Rhône;insolite;Le mur des Canuts;Le mur des Canuts, à la Croix-Rousse, est une fresque monumentale en trompe-l’œil. Il montre comment Lyon aime raconter la ville sur ses propres murs. L’illusion devient patrimoine contemporain, visible sans entrer dans un musée. Ce détail crée une image rapide, utile pour retenir le département.;2;commune;CitéCréation;moins de 15 secondes sur smartphone
69 Rhône;insolite;La cour des Voraces;La cour des Voraces impressionne par son escalier et son lien avec la mémoire des canuts. Le lieu est à la fois architectural et social. Une simple cour intérieure devient un concentré de Lyon secret, ouvrier et photogénique. Ce détail crée une image rapide, utile pour retenir le département.;3;peu commune;Office de tourisme de Lyon;moins de 15 secondes sur smartphone
69 Rhône;insolite;Une horloge astronomique;La cathédrale Saint-Jean possède une horloge astronomique qui attire le regard par sa mécanique et son ancienneté. Elle donne à Lyon un détail presque magique. Le temps, la religion et la technique se rencontrent dans un même objet. Ce détail crée une image rapide, utile pour retenir le département.;3;peu commune;Cathédrale Saint-Jean Lyon;moins de 15 secondes sur smartphone
69 Rhône;insolite;Deux fleuves, deux couleurs;À Lyon, le Rhône et la Saône peuvent offrir des couleurs et des vitesses différentes avant leur confluence. Ce détail donne une lecture sensible de la ville. La géographie devient visible à l’œil nu, sans carte ni chiffres. Ce détail crée une image rapide, utile pour retenir le département.;2;commune;Métropole de Lyon;moins de 15 secondes sur smartphone
13 Bouches-du-Rhône;histoire;Marseille fondée par les Phocéens;Marseille est traditionnellement présentée comme fondée par des Grecs venus de Phocée vers 600 avant notre ère. Cette origine donne à la ville une profondeur méditerranéenne rare. Les Bouches-du-Rhône commencent donc par un port, une rencontre et un récit très ancien.;1;commune;Musée d'Histoire de Marseille;moins de 15 secondes sur smartphone
13 Bouches-du-Rhône;histoire;La Marseillaise nommée par la ville;Le chant révolutionnaire appelé La Marseillaise doit son nom aux volontaires marseillais qui le popularisent en arrivant à Paris. L’anecdote est puissante car une ville donne son nom à l’hymne national. Marseille devient alors symbole politique. Ce repère aide à mémoriser le département sans multiplier les dates.;1;commune;Musée d'Histoire de Marseille;moins de 15 secondes sur smartphone
13 Bouches-du-Rhône;histoire;Arles romaine;Arles conserve des monuments romains majeurs, dont les arènes et le théâtre antique. Cette présence donne aux Bouches-du-Rhône une antiquité très visible. Le département n’est pas seulement maritime ou provençal, il est aussi profondément romain. Ce repère aide à mémoriser le département sans multiplier les dates.;1;commune;UNESCO Arles;moins de 15 secondes sur smartphone
13 Bouches-du-Rhône;histoire;Aix capitale provençale;Aix-en-Provence fut une capitale politique et judiciaire de la Provence. Ses hôtels particuliers, ses places et son cours Mirabeau gardent cette mémoire de pouvoir. L’anecdote montre que le département ne se résume pas à Marseille. Ce repère aide à mémoriser le département sans multiplier les dates.;2;commune;Ville d'Aix-en-Provence;moins de 15 secondes sur smartphone
13 Bouches-du-Rhône;histoire;Sète non, Suez oui Marseille;Le port de Marseille grandit fortement avec les échanges méditerranéens et coloniaux, notamment après l’ouverture du canal de Suez. Cette histoire donne à la ville un rôle mondial. Le Vieux-Port pittoresque cache une puissance portuaire bien plus large. Ce repère aide à mémoriser le département sans multiplier les dates.;3;peu commune;Grand Port Maritime de Marseille;moins de 15 secondes sur smartphone
13 Bouches-du-Rhône;histoire;L’étang de Berre industriel;Autour de l’étang de Berre, le XXe siècle installe raffineries, aéronautique et grandes infrastructures. Cette histoire donne aux Bouches-du-Rhône une facette industrielle souvent moins montrée que Marseille ou les calanques. La Provence peut aussi être usines et énergie. Ce repère aide à mémoriser le département sans multiplier les dates.;4;rare;Métropole Aix-Marseille-Provence;moins de 15 secondes sur smartphone
13 Bouches-du-Rhône;histoire;Tarascon sur le Rhône;Le château de Tarascon garde une silhouette massive au bord du Rhône. Il rappelle que les Bouches-du-Rhône sont aussi un département fluvial et défensif. Entre Provence et couloir rhodanien, le territoire a longtemps contrôlé les passages. Ce repère aide à mémoriser le département sans multiplier les dates.;3;peu commune;Centre des monuments nationaux;moins de 15 secondes sur smartphone
13 Bouches-du-Rhône;histoire;Nostradamus à Salon;Salon-de-Provence reste associé à Nostradamus, qui y vécut et y mourut au XVIe siècle. Le personnage attire légendes et curiosité, mais il ancre aussi la ville dans l’histoire savante de la Renaissance. Une anecdote courte, très mémorisable. Ce repère aide à mémoriser le département sans multiplier les dates.;3;peu commune;Ville de Salon-de-Provence;moins de 15 secondes sur smartphone
13 Bouches-du-Rhône;histoire;Le port antique retrouvé;À Marseille, le jardin des Vestiges montre des traces du port antique découvertes lors de travaux urbains. L’anecdote est forte parce qu’elle place l’Antiquité sous la ville moderne. Le passé portuaire n’est pas abstrait, il affleure. Ce repère aide à mémoriser le département sans multiplier les dates.;3;peu commune;Musée d'Histoire de Marseille;moins de 15 secondes sur smartphone
13 Bouches-du-Rhône;histoire;Mémoire de la peste;La peste de 1720 marque durablement Marseille et la Provence. L’épisode rappelle la vulnérabilité d’un grand port ouvert sur le monde. Dans GeoDoku, il donne aux Bouches-du-Rhône une histoire sanitaire, commerciale et tragique très lisible. Ce repère aide à mémoriser le département sans multiplier les dates.;3;peu commune;Archives municipales de Marseille;moins de 15 secondes sur smartphone
13 Bouches-du-Rhône;géographie;Les calanques;Les calanques entre Marseille et Cassis offrent un paysage de falaises calcaires plongeant dans la Méditerranée. Elles donnent au département une image immédiatement spectaculaire. Peu de territoires français associent aussi directement grande ville, roche blanche et mer turquoise. Ce repère donne une image claire du département en quelques secondes.;1;commune;Parc national des Calanques;moins de 15 secondes sur smartphone
13 Bouches-du-Rhône;géographie;La Camargue;La Camargue forme un delta du Rhône fait de marais, étangs, chevaux, taureaux et oiseaux. Elle donne aux Bouches-du-Rhône une géographie amphibie, très différente des calanques. Le département réunit ainsi pierre sèche, ville portuaire et zones humides. Ce repère donne une image claire du département en quelques secondes.;1;commune;Parc naturel régional de Camargue;moins de 15 secondes sur smartphone
13 Bouches-du-Rhône;géographie;La Sainte-Victoire;La montagne Sainte-Victoire domine le pays d’Aix avec une silhouette immédiatement reconnaissable. Elle est à la fois repère géographique et motif artistique. Pour un joueur, c’est l’exemple parfait d’un relief devenu icône culturelle. Ce repère donne une image claire du département en quelques secondes.;1;commune;Grand Site Sainte-Victoire;moins de 15 secondes sur smartphone
13 Bouches-du-Rhône;géographie;L’étang de Berre;L’étang de Berre est l’un des grands plans d’eau salée du territoire français, bordé d’activités industrielles, de villes et de paysages sensibles. Il donne au département une géographie moins carte postale, mais essentielle pour comprendre son économie. Ce repère donne une image claire du département en quelques secondes.;3;peu commune;GIPREB Étang de Berre;moins de 15 secondes sur smartphone
13 Bouches-du-Rhône;géographie;La plaine de la Crau;La Crau est une plaine caillouteuse et sèche, issue de dépôts anciens de la Durance. Elle tranche avec l’image de Provence bleue et urbaine. Cette géographie rude explique aussi des pratiques pastorales et une biodiversité particulière. Ce repère donne une image claire du département en quelques secondes.;3;peu commune;Réserve naturelle des Coussouls de Crau;moins de 15 secondes sur smartphone
13 Bouches-du-Rhône;gastronomie;La bouillabaisse;La bouillabaisse est le plat marseillais le plus célèbre, née d’une cuisine de poissons et de port. Sa force vient autant du rituel de service que du goût. Elle fait de Marseille une ville qui se mange par la mer.;1;commune;Office de tourisme de Marseille;moins de 15 secondes sur smartphone
13 Bouches-du-Rhône;gastronomie;Les navettes;Les navettes de Marseille sont de petits biscuits parfumés, souvent associés à la Chandeleur et à l’abbaye Saint-Victor. Leur forme évoque une barque. L’anecdote relie gourmandise, religion, mer et tradition populaire en une idée très simple. Ce goût local donne une accroche simple au joueur sur smartphone.;2;commune;Office de tourisme de Marseille;moins de 15 secondes sur smartphone
13 Bouches-du-Rhône;gastronomie;La panisse;La panisse, préparée à base de farine de pois chiche, fait partie des gourmandises simples de Marseille et du Sud. Elle raconte une cuisine de rue, dorée, chaude et populaire. C’est une entrée idéale pour découvrir la Méditerranée quotidienne. Ce goût local donne une accroche simple au joueur sur smartphone.;2;commune;Office de tourisme de Marseille;moins de 15 secondes sur smartphone
13 Bouches-du-Rhône;gastronomie;L’aïoli provençal;L’aïoli dépasse la simple sauce. En Provence, il peut devenir un plat complet autour de légumes, poisson, œufs et ail. Dans les Bouches-du-Rhône, il raconte une cuisine solaire, collective et très aromatique, facile à retenir. Ce goût local donne une accroche simple au joueur sur smartphone.;2;commune;Provence Tourisme;moins de 15 secondes sur smartphone
13 Bouches-du-Rhône;gastronomie;L’huile d’olive;L’huile d’olive structure une partie de la cuisine provençale, des marchés aux plats familiaux. Dans les Bouches-du-Rhône, elle relie paysages d’oliviers, villages et assiettes. L’anecdote donne une clé simple pour lire le territoire par le goût. Ce goût local donne une accroche simple au joueur sur smartphone.;2;commune;Provence Tourisme;moins de 15 secondes sur smartphone
13 Bouches-du-Rhône;culture;Cézanne et la Sainte-Victoire;Paul Cézanne a peint la Sainte-Victoire à de nombreuses reprises, transformant une montagne proche d’Aix en motif majeur de l’art moderne. L’anecdote est parfaite pour GeoDoku, car un relief devient langage pictural et mémoire culturelle. C’est un repère culturel facile à retenir pendant une partie.;1;commune;Atelier de Cézanne;moins de 15 secondes sur smartphone
13 Bouches-du-Rhône;culture;Le Mucem;Le Mucem, à Marseille, installe un grand musée des civilisations méditerranéennes au bord de l’eau. Son architecture relie fort ancien et bâtiment contemporain. Le département y affirme une culture de passage, de port et de Méditerranée ouverte. C’est un repère culturel facile à retenir pendant une partie.;2;commune;Mucem;moins de 15 secondes sur smartphone
13 Bouches-du-Rhône;culture;Les Rencontres d’Arles;Les Rencontres d’Arles font de la ville un rendez-vous international de photographie. Le contraste est fort entre patrimoine antique et images contemporaines. Les Bouches-du-Rhône montrent ici qu’un décor ancien peut accueillir une culture très actuelle. C’est un repère culturel facile à retenir pendant une partie.;2;commune;Rencontres d'Arles;moins de 15 secondes sur smartphone
13 Bouches-du-Rhône;culture;Marseille rap;Marseille possède une place majeure dans l’histoire du rap français, notamment avec IAM. Cette culture urbaine donne au département une voix contemporaine très forte. Elle complète les calanques et les ports par un imaginaire de quartiers et de récits. C’est un repère culturel facile à retenir pendant une partie.;2;commune;Archives municipales de Marseille;moins de 15 secondes sur smartphone
13 Bouches-du-Rhône;culture;Le Festival d’Aix;Le Festival d’Aix-en-Provence donne au département une image lyrique et internationale. L’opéra y rencontre les cours, les théâtres et les nuits d’été. Cette culture élégante nuance fortement l’image plus brute et portuaire de Marseille. C’est un repère culturel facile à retenir pendant une partie.;2;commune;Festival d'Aix-en-Provence;moins de 15 secondes sur smartphone
13 Bouches-du-Rhône;insolite;Le château d’If;Le château d’If est une forteresse réelle devenue mondialement célèbre grâce au Comte de Monte-Cristo. L’anecdote fonctionne très bien car elle mélange histoire, prison, mer et fiction. Un îlot suffit à créer un imaginaire complet. Ce détail crée une image rapide, utile pour retenir le département.;1;commune;Château d'If;moins de 15 secondes sur smartphone
13 Bouches-du-Rhône;insolite;Notre-Dame de la Garde et les ex-voto;À Marseille, Notre-Dame de la Garde conserve de nombreux ex-voto, souvent liés à la mer, aux naufrages ou aux accidents. Ces objets racontent des vies sauvées. La basilique devient ainsi un lieu de gratitude autant qu’un panorama. Ce détail crée une image rapide, utile pour retenir le département.;2;commune;Notre-Dame de la Garde;moins de 15 secondes sur smartphone
13 Bouches-du-Rhône;insolite;L’ombrière du Vieux-Port;L’ombrière miroir du Vieux-Port reflète les passants, les bus, les bateaux et le ciel. Elle transforme un lieu très ancien en expérience contemporaine. L’anecdote est visuelle, rapide et montre comment Marseille renouvelle ses symboles sans les effacer. Ce détail crée une image rapide, utile pour retenir le département.;2;commune;Ville de Marseille;moins de 15 secondes sur smartphone
13 Bouches-du-Rhône;insolite;Un pont de Van Gogh reconstruit;À Arles, un pont associé à l’imaginaire de Van Gogh attire les visiteurs, même si le paysage a changé. L’intérêt tient moins à l’authenticité parfaite qu’à la puissance du regard. La peinture modifie la mémoire des lieux. Ce détail crée une image rapide, utile pour retenir le département.;3;peu commune;Fondation Vincent van Gogh Arles;moins de 15 secondes sur smartphone
13 Bouches-du-Rhône;insolite;La plus ancienne ville revendiquée;Marseille aime rappeler qu’elle est la plus ancienne ville de France, avec ses origines grecques. La formule est forte, même si l’histoire urbaine française est complexe. Elle donne à la ville une fierté simple et très efficace. Ce détail crée une image rapide, utile pour retenir le département.;2;commune;Musée d'Histoire de Marseille;moins de 15 secondes sur smartphone
33 Gironde;histoire;Bordeaux port mondial;Bordeaux doit une grande partie de sa puissance à son port, tourné vers l’Atlantique et les échanges internationaux. Cette histoire est brillante mais aussi sombre, notamment avec la traite négrière. La Gironde impose donc une lecture à la fois commerciale et mémorielle.;3;commune;Musée d'Aquitaine;moins de 15 secondes sur smartphone
33 Gironde;histoire;La place de la Bourse;La place de la Bourse raconte le Bordeaux du XVIIIe siècle, ouvert vers le fleuve et le commerce. Son architecture classique donne une image d’ordre et de richesse. Elle résume une ville qui s’est construite en regardant la Garonne. Ce repère aide à mémoriser le département sans multiplier les dates.;2;commune;Ville de Bordeaux;moins de 15 secondes sur smartphone
33 Gironde;histoire;Blaye verrouille l’estuaire;La citadelle de Blaye fait partie du système défensif imaginé par Vauban pour contrôler l’estuaire de la Gironde. L’anecdote est très lisible. Le fleuve n’est pas seulement une voie commerciale, il devient aussi une frontière à protéger. Ce repère aide à mémoriser le département sans multiplier les dates.;3;peu commune;UNESCO Verrou Vauban;moins de 15 secondes sur smartphone
33 Gironde;histoire;Bordeaux anglaise;Pendant plusieurs siècles, Bordeaux vit dans l’orbite anglaise après le mariage d’Aliénor d’Aquitaine avec Henri Plantagenêt. Cette histoire explique l’importance ancienne du commerce du vin vers l’Angleterre. La Gironde devient un pont politique et marchand. Ce repère aide à mémoriser le département sans multiplier les dates.;3;peu commune;Archives Bordeaux Métropole;moins de 15 secondes sur smartphone
33 Gironde;histoire;Les Girondins;Le nom des Girondins, groupe politique de la Révolution française, renvoie à des députés liés au département. L’anecdote donne à la Gironde une portée nationale. Un nom territorial devient une étiquette politique, encore très reconnaissable aujourd’hui. Ce repère aide à mémoriser le département sans multiplier les dates.;3;commune;Assemblée nationale;moins de 15 secondes sur smartphone
33 Gironde;histoire;La base sous-marine;La base sous-marine de Bordeaux, construite pendant la Seconde Guerre mondiale, impose encore une présence massive. Transformée en lieu culturel, elle montre comment un héritage militaire difficile peut changer d’usage sans disparaître du paysage urbain. Ce repère aide à mémoriser le département sans multiplier les dates.;3;peu commune;Bassins des Lumières;moins de 15 secondes sur smartphone
33 Gironde;histoire;Arcachon station d’hiver;Arcachon se développe au XIXe siècle comme station climatique, avec sa Ville d’Hiver et ses villas. L’anecdote rappelle que le littoral girondin n’est pas seulement balnéaire. Il s’est aussi construit sur la santé, l’air et le séjour. Ce repère aide à mémoriser le département sans multiplier les dates.;3;peu commune;Ville d'Arcachon;moins de 15 secondes sur smartphone
33 Gironde;histoire;Saint-Émilion médiéval;Saint-Émilion associe vin, pierre et histoire religieuse. Sa cité médiévale et son paysage viticole classé racontent une continuité rare entre production agricole et patrimoine. La Gironde y gagne une image plus intime que le grand Bordeaux urbain. Ce repère aide à mémoriser le département sans multiplier les dates.;2;commune;UNESCO Saint-Émilion;moins de 15 secondes sur smartphone
33 Gironde;histoire;Fort Médoc;Fort Médoc, avec Blaye et Cussac, participe au verrou de l’estuaire. Le site rappelle que contrôler l’eau signifiait contrôler l’accès à Bordeaux. Cette stratégie donne à la Gironde une histoire militaire directement liée à sa géographie. Ce repère aide à mémoriser le département sans multiplier les dates.;4;rare;UNESCO Verrou Vauban;moins de 15 secondes sur smartphone
33 Gironde;histoire;Le miroir d’une ville marchande;Les quais de Bordeaux racontent le passage d’un port de négoce à une ville patrimoniale et touristique. Entrepôts, façades et promenades gardent cette transformation visible. La Gironde se comprend ainsi par la reconversion de son front d’eau. Ce repère aide à mémoriser le département sans multiplier les dates.;3;peu commune;Bordeaux Métropole;moins de 15 secondes sur smartphone
33 Gironde;géographie;Le plus vaste département métropolitain;La Gironde est le plus vaste département de France métropolitaine. Cette taille explique la diversité de ses paysages, entre océan, forêt, estuaire, vignes et grande ville. Un seul département peut y ressembler à plusieurs territoires juxtaposés. Ce repère donne une image claire du département en quelques secondes.;2;commune;INSEE;moins de 15 secondes sur smartphone
33 Gironde;géographie;La dune du Pilat;La dune du Pilat est la plus haute dune d’Europe et avance lentement sous l’effet du vent. Elle donne à la Gironde une image spectaculaire et mouvante. Le paysage n’est pas figé, il se déplace sous les yeux. Ce repère donne une image claire du département en quelques secondes.;1;commune;Grand Site Dune du Pilat;moins de 15 secondes sur smartphone
33 Gironde;géographie;L’estuaire de la Gironde;L’estuaire de la Gironde est l’un des plus vastes d’Europe occidentale. Il mêle eaux de la Garonne et de la Dordogne avant l’Atlantique. Cette géographie explique ports, îles, forts, vignes et navigation dans un même système. Ce repère donne une image claire du département en quelques secondes.;2;commune;Syndicat mixte de l'estuaire;moins de 15 secondes sur smartphone
33 Gironde;géographie;Le bassin d’Arcachon;Le bassin d’Arcachon fonctionne comme une mer intérieure soumise aux marées. Parcs ostréicoles, cabanes, passes et bancs de sable composent un paysage vivant. La Gironde y gagne une géographie littorale plus douce que l’océan frontal. Ce repère donne une image claire du département en quelques secondes.;1;commune;Office de tourisme Arcachon;moins de 15 secondes sur smartphone
33 Gironde;géographie;Forêt et océan;La Gironde appartient aussi au grand ensemble forestier des Landes de Gascogne. Derrière Bordeaux et les vignes, le département possède une façade de pins, de dunes et de longues plages. Cette image complète fortement son profil territorial. Ce repère donne une image claire du département en quelques secondes.;2;commune;Parc naturel régional des Landes de Gascogne;moins de 15 secondes sur smartphone
33 Gironde;gastronomie;Le canelé;Le canelé bordelais, avec sa croûte caramélisée et son cœur moelleux, est devenu l’emblème sucré de Bordeaux. Sa petite taille le rend parfait pour la mémoire mobile. Une bouchée suffit à installer la Gironde dans la pâtisserie française. Ce goût local donne une accroche simple au joueur sur smartphone.;1;commune;Office de tourisme de Bordeaux;moins de 15 secondes sur smartphone
33 Gironde;gastronomie;Les vins de Bordeaux;Les vins de Bordeaux structurent l’image mondiale de la Gironde. Châteaux, appellations, négoce et paysages viticoles composent une économie autant qu’une culture. Pour GeoDoku, c’est une évidence, mais une évidence très puissante. Ce goût local donne une accroche simple au joueur sur smartphone.;1;commune;Conseil Interprofessionnel du Vin de Bordeaux;moins de 15 secondes sur smartphone
33 Gironde;gastronomie;Les huîtres du bassin;Les huîtres du bassin d’Arcachon donnent à la Gironde une gastronomie de marée, de cabane et de dégustation simple. Elles contrastent avec les grands vins bordelais. Le département réunit ainsi luxe viticole et plaisir littoral direct. Ce goût local donne une accroche simple au joueur sur smartphone.;2;commune;Comité régional conchylicole Arcachon Aquitaine;moins de 15 secondes sur smartphone
33 Gironde;gastronomie;L’entrecôte bordelaise;L’entrecôte à la bordelaise associe viande, sauce au vin et échalotes. Elle raconte une cuisine où le vignoble entre dans l’assiette. L’anecdote est efficace, car elle relie produit local, repas de brasserie et identité urbaine. Ce goût local donne une accroche simple au joueur sur smartphone.;2;commune;Office de tourisme de Bordeaux;moins de 15 secondes sur smartphone
33 Gironde;gastronomie;Le grenier médocain;Le grenier médocain, charcuterie à base d’estomac de porc, offre une facette plus rustique de la Gironde. Il surprend face à l’image prestigieuse des châteaux viticoles. Cette spécialité rappelle que le Médoc est aussi un territoire populaire. Ce goût local donne une accroche simple au joueur sur smartphone.;4;rare;Gironde Tourisme;moins de 15 secondes sur smartphone
33 Gironde;culture;La Cité du Vin;La Cité du Vin, à Bordeaux, transforme le vin en sujet culturel mondial. Le bâtiment, les parcours et les expositions dépassent la simple dégustation. La Gironde y affirme que le vin est un paysage, une économie et un langage. C’est un repère culturel facile à retenir pendant une partie.;2;commune;Cité du Vin;moins de 15 secondes sur smartphone
33 Gironde;culture;Bordeaux UNESCO;Le centre de Bordeaux est classé pour son ensemble urbain remarquable. Ce n’est pas un monument isolé qui compte, mais une ville entière. L’anecdote aide à comprendre pourquoi marcher dans Bordeaux peut ressembler à traverser un décor cohérent. C’est un repère culturel facile à retenir pendant une partie.;2;commune;UNESCO Bordeaux;moins de 15 secondes sur smartphone
33 Gironde;culture;Le CAPC;Le CAPC, musée d’art contemporain de Bordeaux, occupe un ancien entrepôt colonial. Le lieu donne une force particulière aux œuvres. Il montre comment la Gironde transforme son passé commercial en espace culturel, sans effacer totalement la mémoire du bâtiment. C’est un repère culturel facile à retenir pendant une partie.;3;peu commune;CAPC Bordeaux;moins de 15 secondes sur smartphone
33 Gironde;culture;La Ville d’Hiver;À Arcachon, la Ville d’Hiver rassemble des villas originales construites pour le séjour climatique. Cette architecture donne au littoral une ambiance presque théâtrale. La Gironde y ajoute une culture balnéaire raffinée, différente des simples plages. C’est un repère culturel facile à retenir pendant une partie.;3;peu commune;Ville d'Arcachon;moins de 15 secondes sur smartphone
33 Gironde;culture;Saint-Émilion paysage culturel;Saint-Émilion est reconnu comme paysage culturel, ce qui associe vignes, bâti, pratiques et histoire. L’anecdote est utile car elle montre que la culture n’est pas seulement dans les musées. Elle peut être dans un paysage cultivé. C’est un repère culturel facile à retenir pendant une partie.;2;commune;UNESCO Saint-Émilion;moins de 15 secondes sur smartphone
33 Gironde;insolite;Le miroir d’eau;Le miroir d’eau de Bordeaux, face à la place de la Bourse, est devenu une attraction contemporaine extrêmement photographiée. Quelques centimètres d’eau suffisent à transformer l’espace. Le monument ancien se redouble dans une image mouvante. Ce détail crée une image rapide, utile pour retenir le département.;1;commune;Bordeaux Métropole;moins de 15 secondes sur smartphone
33 Gironde;insolite;Une dune qui avance;La dune du Pilat se déplace lentement vers la forêt sous l’effet des vents. Cette mobilité rend le paysage presque vivant. L’anecdote est parfaite pour un jeu mobile, car elle transforme une masse de sable en personnage géographique. Ce détail crée une image rapide, utile pour retenir le département.;2;commune;Grand Site Dune du Pilat;moins de 15 secondes sur smartphone
33 Gironde;insolite;Cordouan, roi des phares;Le phare de Cordouan, à l’entrée de l’estuaire, est souvent surnommé le roi des phares. Sa position et son architecture lui donnent une aura exceptionnelle. Il fait de la Gironde un territoire de navigation presque cérémoniel. Ce détail crée une image rapide, utile pour retenir le département.;2;commune;Phare de Cordouan;moins de 15 secondes sur smartphone
33 Gironde;insolite;Une église monolithe;À Saint-Émilion, l’église monolithe creusée dans la roche impressionne par son volume souterrain. Elle montre que le patrimoine peut se construire en retirant de la matière plutôt qu’en ajoutant des pierres. L’idée est simple et frappante. Ce détail crée une image rapide, utile pour retenir le département.;3;peu commune;Office de tourisme Saint-Émilion;moins de 15 secondes sur smartphone
33 Gironde;insolite;La base devenue lumière;La base sous-marine de Bordeaux accueille aujourd’hui des projections monumentales aux Bassins des Lumières. Le contraste est saisissant. Un lieu militaire, massif et fermé devient un espace immersif, culturel et presque onirique, sans perdre sa mémoire bétonnée. Ce détail crée une image rapide, utile pour retenir le département.;3;peu commune;Bassins des Lumières;moins de 15 secondes sur smartphone
44 Loire-Atlantique;histoire;L’édit de Nantes;En 1598, l’édit de Nantes accorde une forme de paix religieuse après les guerres de Religion. Le texte est signé par Henri IV dans une ville alors stratégique. Loire-Atlantique porte ainsi une mémoire politique nationale, bien au-delà du seul littoral.;2;commune;Château des ducs de Bretagne;moins de 15 secondes sur smartphone
44 Loire-Atlantique;histoire;Le château des ducs;Le château des ducs de Bretagne rappelle que Nantes fut une capitale du duché de Bretagne. Ses murs racontent un pouvoir régional fort avant l’intégration au royaume de France. L’anecdote explique pourquoi l’identité bretonne reste sensible ici. Ce repère aide à mémoriser le département sans multiplier les dates.;2;commune;Château des ducs de Bretagne;moins de 15 secondes sur smartphone
44 Loire-Atlantique;histoire;Mémoire de la traite;Nantes fut un grand port de la traite atlantique. La ville a engagé un important travail de mémoire autour de cette histoire. Pour GeoDoku, l’anecdote est essentielle car elle donne au département une profondeur maritime, commerciale et morale. Ce repère aide à mémoriser le département sans multiplier les dates.;3;commune;Mémorial de l'abolition de l'esclavage Nantes;moins de 15 secondes sur smartphone
44 Loire-Atlantique;histoire;Saint-Nazaire construit des géants;Les chantiers de Saint-Nazaire construisent de grands paquebots et navires. Cette histoire industrielle donne au département une puissance navale évidente. La Loire-Atlantique n’est pas seulement une terre de fleuve, mais aussi un territoire de construction maritime. Ce repère aide à mémoriser le département sans multiplier les dates.;2;commune;Chantiers de l'Atlantique;moins de 15 secondes sur smartphone
44 Loire-Atlantique;histoire;La base sous-marine;La base sous-marine de Saint-Nazaire, construite pendant la Seconde Guerre mondiale, marque encore le centre-ville. Son béton massif rappelle une histoire militaire lourde. Transformée en lieu de visite, elle impose une mémoire impossible à ignorer. Ce repère aide à mémoriser le département sans multiplier les dates.;3;peu commune;Saint-Nazaire Renversante;moins de 15 secondes sur smartphone
44 Loire-Atlantique;histoire;Les otages de Châteaubriant;En 1941, des otages sont fusillés à Châteaubriant par les forces d’occupation. Le lieu garde une mémoire forte de la répression et de la Résistance. L’anecdote donne au département une dimension tragique, loin de l’image purement atlantique. Ce repère aide à mémoriser le département sans multiplier les dates.;4;rare;Musée de la Résistance de Châteaubriant;moins de 15 secondes sur smartphone
44 Loire-Atlantique;histoire;Guérande fortifiée;Guérande conserve des remparts qui rappellent son importance médiévale et commerciale. La ville est liée au sel, mais aussi à une vraie histoire urbaine. Le département y gagne une silhouette de pierre, très différente des ports industriels. Ce repère aide à mémoriser le département sans multiplier les dates.;2;commune;Ville de Guérande;moins de 15 secondes sur smartphone
44 Loire-Atlantique;histoire;Clisson à l’italienne;Après les guerres de Vendée, Clisson est en partie reconstruite avec une inspiration italienne. Le résultat surprend dans l’ouest français. Cette anecdote donne à la Loire-Atlantique une ambiance presque toscane, née d’une histoire violente et d’un goût romantique. Ce repère aide à mémoriser le département sans multiplier les dates.;3;peu commune;Office de tourisme du Vignoble de Nantes;moins de 15 secondes sur smartphone
44 Loire-Atlantique;histoire;Le canal de Nantes à Brest;Le canal de Nantes à Brest rappelle une volonté de relier l’intérieur breton aux ports en évitant les risques maritimes. Même si tout ne se joue pas dans le département, Nantes en reste une porte symbolique. Ce repère aide à mémoriser le département sans multiplier les dates.;3;peu commune;Voies navigables de Bretagne;moins de 15 secondes sur smartphone
44 Loire-Atlantique;histoire;Nantes hors Bretagne administrative;La Loire-Atlantique appartient administrativement aux Pays de la Loire, mais son histoire bretonne reste très présente. Cette tension identitaire est une anecdote territoriale forte. Elle montre qu’une carte administrative ne suffit pas toujours à raconter un lieu. Ce repère aide à mémoriser le département sans multiplier les dates.;3;commune;Région Pays de la Loire;moins de 15 secondes sur smartphone
44 Loire-Atlantique;géographie;L’estuaire de la Loire;La Loire-Atlantique se comprend par l’estuaire de la Loire, large couloir entre Nantes, Saint-Nazaire et l’océan. Fleuve, industrie, oiseaux et villages s’y croisent. Le département est littéralement organisé par cette sortie vers l’Atlantique. Ce repère donne une image claire du département en quelques secondes.;1;commune;Estuaire Nantes Saint-Nazaire;moins de 15 secondes sur smartphone
44 Loire-Atlantique;géographie;Le marais de Brière;La Brière est l’une des grandes zones humides françaises, avec ses canaux, chaumières et paysages d’eau. Elle donne au département une géographie lente et amphibie. L’anecdote contraste fortement avec l’image urbaine de Nantes. Ce repère donne une image claire du département en quelques secondes.;2;commune;Parc naturel régional de Brière;moins de 15 secondes sur smartphone
44 Loire-Atlantique;géographie;La presqu’île guérandaise;La presqu’île guérandaise mêle océan, marais salants, ports et villes touristiques. Elle donne une géographie très lisible, où le sel raconte le paysage. La Loire-Atlantique y devient une carte de bassins, digues et horizons plats. Ce repère donne une image claire du département en quelques secondes.;2;commune;Office de tourisme La Baule Presqu'île de Guérande;moins de 15 secondes sur smartphone
44 Loire-Atlantique;géographie;Le Pays de Retz;Au sud de l’estuaire, le Pays de Retz offre une Loire-Atlantique plus discrète, entre littoral, marais et bourgs. Cette zone rappelle que le département ne se résume pas à Nantes et Saint-Nazaire. Il possède plusieurs façades territoriales. Ce repère donne une image claire du département en quelques secondes.;3;peu commune;Loire-Atlantique développement;moins de 15 secondes sur smartphone
44 Loire-Atlantique;géographie;L’Erdre nantaise;L’Erdre traverse Nantes avec une ambiance de rivière élégante, bordée de parcs et de demeures. Elle donne une image plus douce que la Loire industrielle. Cette géographie urbaine aide à comprendre pourquoi Nantes aime se raconter par l’eau. Ce repère donne une image claire du département en quelques secondes.;2;commune;Nantes Métropole;moins de 15 secondes sur smartphone
44 Loire-Atlantique;gastronomie;Le beurre blanc;Le beurre blanc est associé aux bords de Loire près de Nantes. Cette sauce au beurre, au vin blanc et aux échalotes accompagne particulièrement les poissons. Elle raconte une cuisine de fleuve et de table simple, mais très précise. Ce goût local donne une accroche simple au joueur sur smartphone.;2;commune;Nantes Tourisme;moins de 15 secondes sur smartphone
44 Loire-Atlantique;gastronomie;Le gâteau nantais;Le gâteau nantais associe amande et rhum dans une pâtisserie dense et parfumée. Il rappelle l’histoire portuaire de Nantes, ouverte sur les échanges maritimes. Une douceur locale peut donc porter une mémoire commerciale bien plus vaste. Ce goût local donne une accroche simple au joueur sur smartphone.;2;commune;Nantes Tourisme;moins de 15 secondes sur smartphone
44 Loire-Atlantique;gastronomie;Le muscadet;Le muscadet, produit autour de Nantes, accompagne souvent poissons, fruits de mer et repas de Loire. Sa notoriété donne au département une identité viticole atlantique. Il relie le vignoble, l’estuaire et la table avec une grande simplicité. Ce goût local donne une accroche simple au joueur sur smartphone.;2;commune;Interprofession des vins du Val de Loire;moins de 15 secondes sur smartphone
44 Loire-Atlantique;gastronomie;Le sel de Guérande;Le sel de Guérande est récolté dans les marais salants selon un savoir-faire très identifié. Il donne au département une saveur directement liée au paysage. Ici, la gastronomie commence avant la cuisine, dans l’eau, le vent et les bassins. Ce goût local donne une accroche simple au joueur sur smartphone.;1;commune;Terre de Sel Guérande;moins de 15 secondes sur smartphone
44 Loire-Atlantique;gastronomie;Le berlingot nantais;Le berlingot nantais est un bonbon coloré, souvent en forme de petit tétraèdre. Il offre une anecdote simple et visuelle. La Loire-Atlantique y gagne une mémoire de confiserie urbaine, légère, facile à retenir et adaptée au jeu. Ce goût local donne une accroche simple au joueur sur smartphone.;3;peu commune;Nantes Tourisme;moins de 15 secondes sur smartphone
44 Loire-Atlantique;culture;Les Machines de l’île;Les Machines de l’île, à Nantes, transforment l’ancien imaginaire industriel en théâtre mécanique. Le grand éléphant est devenu une image forte de la ville. L’anecdote fonctionne car elle mêle chantier, rêve, art public et promenade. C’est un repère culturel facile à retenir pendant une partie.;1;commune;Les Machines de l'île;moins de 15 secondes sur smartphone
44 Loire-Atlantique;culture;Jules Verne nantais;Jules Verne naît à Nantes, ville portuaire qui nourrit l’imaginaire du voyage. Même si son œuvre dépasse largement le département, cette origine reste très parlante. La Loire-Atlantique devient un point de départ vers les mondes possibles. C’est un repère culturel facile à retenir pendant une partie.;2;commune;Musée Jules Verne Nantes;moins de 15 secondes sur smartphone
44 Loire-Atlantique;culture;Le Hellfest à Clisson;Le Hellfest fait de Clisson un rendez-vous international des musiques metal. Le contraste entre village d’inspiration italienne et festival massif est très fort. Cette anecdote donne au département une culture contemporaine bruyante, populaire et inattendue. C’est un repère culturel facile à retenir pendant une partie.;2;commune;Hellfest;moins de 15 secondes sur smartphone
44 Loire-Atlantique;culture;Le Voyage à Nantes;Le Voyage à Nantes transforme la ville en parcours d’art, de surprises et de détours urbains. La culture sort des musées pour rejoindre les rues. L’anecdote montre un territoire qui utilise la marche comme expérience culturelle. C’est un repère culturel facile à retenir pendant une partie.;2;commune;Le Voyage à Nantes;moins de 15 secondes sur smartphone
44 Loire-Atlantique;culture;LU devenu lieu unique;L’ancienne biscuiterie LU de Nantes est devenue le Lieu Unique, espace culturel installé près du canal Saint-Félix. La transformation est très lisible. Une marque alimentaire populaire laisse place à un lieu de création, sans effacer son nom. C’est un repère culturel facile à retenir pendant une partie.;3;peu commune;Le Lieu Unique;moins de 15 secondes sur smartphone
44 Loire-Atlantique;insolite;Le serpent d’océan;À Saint-Brevin-les-Pins, le Serpent d’océan de Huang Yong Ping apparaît et disparaît avec les marées. Le squelette métallique transforme l’estran en scène fantastique. L’anecdote est très visuelle et immédiatement mémorisable pour un joueur. Ce détail crée une image rapide, utile pour retenir le département.;2;commune;Estuaire Nantes Saint-Nazaire;moins de 15 secondes sur smartphone
44 Loire-Atlantique;insolite;Trentemoult coloré;Trentemoult, ancien village de pêcheurs près de Nantes, surprend par ses maisons colorées et ses ruelles. Le lieu offre une ambiance presque insulaire à quelques minutes de la ville. C’est une anecdote parfaite pour révéler un détour discret. Ce détail crée une image rapide, utile pour retenir le département.;2;commune;Nantes Tourisme;moins de 15 secondes sur smartphone
44 Loire-Atlantique;insolite;Un éléphant qui marche;Le grand éléphant des Machines de l’île transporte des visiteurs sur l’ancien site des chantiers navals. L’idée est simple et spectaculaire. Un animal mécanique remplace symboliquement les navires, en gardant l’échelle industrielle du lieu. Ce détail crée une image rapide, utile pour retenir le département.;1;commune;Les Machines de l'île;moins de 15 secondes sur smartphone
44 Loire-Atlantique;insolite;Le Passage Pommeraye;Le Passage Pommeraye, à Nantes, relie plusieurs niveaux de rue par un escalier couvert et décoré. Il surprend par sa verticalité. Cette galerie commerciale du XIXe siècle donne à la ville un décor presque théâtral, très facile à visualiser. Ce détail crée une image rapide, utile pour retenir le département.;2;commune;Nantes Tourisme;moins de 15 secondes sur smartphone
44 Loire-Atlantique;insolite;Escal’Atlantic;À Saint-Nazaire, Escal’Atlantic fait revivre l’univers des paquebots dans l’ancienne base sous-marine. Le contraste est saisissant. On entre dans un lieu de guerre pour imaginer le luxe du voyage transatlantique, avec décors, passerelles et cabines. Ce détail crée une image rapide, utile pour retenir le département.;3;peu commune;Saint-Nazaire Renversante;moins de 15 secondes sur smartphone
06 Alpes-Maritimes;histoire;Nice rejoint la France;Nice devient française en 1860, après un rattachement lié aux équilibres politiques du temps. Cette date récente donne aux Alpes-Maritimes une identité frontalière particulière. Le département rappelle que la carte de France a encore bougé au XIXe siècle. Ce repère aide à mémoriser le département sans multiplier les dates.;2;commune;Ville de Nice;moins de 15 secondes sur smartphone
06 Alpes-Maritimes;histoire;Grasse et le parfum;Grasse s’impose comme capitale du parfum grâce à des savoir-faire liés aux plantes, aux essences et aux gantiers parfumeurs. L’anecdote donne aux Alpes-Maritimes une identité olfactive unique. Ici, le territoire se retient aussi par l’odeur. Ce repère aide à mémoriser le département sans multiplier les dates.;2;commune;Musée International de la Parfumerie;moins de 15 secondes sur smartphone
06 Alpes-Maritimes;histoire;Cannes et son festival;Le Festival de Cannes, lancé après la Seconde Guerre mondiale, transforme une ville balnéaire en capitale mondiale du cinéma. L’anecdote est immédiate. Les Alpes-Maritimes ne sont pas seulement un décor de vacances, mais une scène culturelle internationale. Ce repère aide à mémoriser le département sans multiplier les dates.;1;commune;Festival de Cannes;moins de 15 secondes sur smartphone
06 Alpes-Maritimes;histoire;Tende et La Brigue;Tende et La Brigue rejoignent la France après la Seconde Guerre mondiale. Cette histoire très récente montre la complexité de la frontière alpine. Les Alpes-Maritimes possèdent donc une mémoire territoriale mouvante, entre France, Italie et montagne. Ce repère aide à mémoriser le département sans multiplier les dates.;4;rare;Archives départementales des Alpes-Maritimes;moins de 15 secondes sur smartphone
06 Alpes-Maritimes;histoire;Antipolis antique;Antibes descend de l’antique Antipolis, fondée dans l’orbite grecque de la Méditerranée. Cette origine rappelle que la Côte d’Azur n’est pas seulement un produit touristique moderne. Elle appartient à une histoire portuaire et commerciale très ancienne. Ce repère aide à mémoriser le département sans multiplier les dates.;3;peu commune;Ville d'Antibes;moins de 15 secondes sur smartphone
06 Alpes-Maritimes;histoire;La route Napoléon;Après son retour de l’île d’Elbe en 1815, Napoléon débarque à Golfe-Juan avant de remonter vers Paris. Cet épisode donne au littoral azuréen une place dans un moment décisif. Une plage devient point de départ politique. Ce repère aide à mémoriser le département sans multiplier les dates.;2;commune;Route Napoléon;moins de 15 secondes sur smartphone
06 Alpes-Maritimes;histoire;Le fort Carré;Le fort Carré d’Antibes rappelle la surveillance militaire d’un littoral proche des frontières. Sa silhouette géométrique domine le port. L’anecdote montre que la Côte d’Azur fut aussi un espace stratégique, pas seulement un ruban de plages. Ce repère aide à mémoriser le département sans multiplier les dates.;3;peu commune;Ville d'Antibes;moins de 15 secondes sur smartphone
06 Alpes-Maritimes;histoire;Menton et les hivernants;Menton se développe comme station climatique appréciée des hivernants européens au XIXe siècle. Son air doux devient argument de séjour. Les Alpes-Maritimes racontent ici la naissance d’un tourisme de santé, avant le tourisme de masse balnéaire. Ce repère aide à mémoriser le département sans multiplier les dates.;3;peu commune;Ville de Menton;moins de 15 secondes sur smartphone
06 Alpes-Maritimes;histoire;Renoir à Cagnes;Auguste Renoir passe ses dernières années à Cagnes-sur-Mer, où sa maison est devenue musée. L’anecdote donne au département une intimité artistique. La Côte d’Azur n’est pas seulement un décor de peintres, elle fut aussi un lieu de vie. Ce repère aide à mémoriser le département sans multiplier les dates.;3;peu commune;Musée Renoir Cagnes-sur-Mer;moins de 15 secondes sur smartphone
06 Alpes-Maritimes;histoire;Une frontière fortifiée;Les vallées alpines des Alpes-Maritimes gardent des forts, routes militaires et villages perchés liés à la frontière. Cette histoire défensive nuance l’image légère de la Riviera. Derrière les palmiers, le département possède une vraie mémoire de montagne surveillée. Ce repère aide à mémoriser le département sans multiplier les dates.;4;rare;Département des Alpes-Maritimes;moins de 15 secondes sur smartphone
06 Alpes-Maritimes;géographie;Mer et haute montagne;Les Alpes-Maritimes concentrent une géographie rare, où la Méditerranée et les hauts reliefs se répondent à courte distance. On peut passer d’une promenade littorale à un paysage alpin. Cette proximité donne au département une puissance stratégique en jeu. Ce repère donne une image claire du département en quelques secondes.;1;commune;IGN;moins de 15 secondes sur smartphone
06 Alpes-Maritimes;géographie;Le Mercantour;Le parc national du Mercantour donne au département une dimension sauvage et alpine. Il contraste fortement avec Nice, Cannes ou Antibes. L’anecdote aide à ne pas réduire les Alpes-Maritimes à la Côte d’Azur mondaine. Ce repère donne une image claire du département en quelques secondes.;2;commune;Parc national du Mercantour;moins de 15 secondes sur smartphone
06 Alpes-Maritimes;géographie;Les corniches;Les corniches entre Nice, Èze et Menton offrent des routes spectaculaires entre mer et falaise. Elles donnent une lecture verticale du littoral. La Côte d’Azur n’est pas une simple plage, mais un balcon de pierre sur la Méditerranée. Ce repère donne une image claire du département en quelques secondes.;2;commune;Côte d'Azur France;moins de 15 secondes sur smartphone
06 Alpes-Maritimes;géographie;La vallée des Merveilles;La vallée des Merveilles, dans le Mercantour, est célèbre pour ses gravures rupestres. Ce paysage d’altitude donne aux Alpes-Maritimes une profondeur préhistorique inattendue. La montagne devient ici à la fois nature, mémoire et musée à ciel ouvert. Ce repère donne une image claire du département en quelques secondes.;3;peu commune;Parc national du Mercantour;moins de 15 secondes sur smartphone
06 Alpes-Maritimes;géographie;Le Paillon niçois;Le Paillon traverse Nice de façon souvent discrète, en partie couvert ou aménagé. Son histoire rappelle que les villes méditerranéennes composent avec des cours d’eau irréguliers. La géographie urbaine se cache parfois sous des promenades et des jardins. Ce repère donne une image claire du département en quelques secondes.;3;peu commune;Ville de Nice;moins de 15 secondes sur smartphone
06 Alpes-Maritimes;gastronomie;La socca;La socca, galette de farine de pois chiche cuite au feu vif, est l’un des goûts les plus simples de Nice. Elle se mange chaude, souvent debout. Une spécialité parfaite pour relier marché, rue, Méditerranée et mémoire populaire. Ce goût local donne une accroche simple au joueur sur smartphone.;1;commune;Cuisine niçoise;moins de 15 secondes sur smartphone
06 Alpes-Maritimes;gastronomie;La salade niçoise;La salade niçoise est célèbre, mais souvent discutée dans ses ingrédients. Cette tension fait partie de son intérêt. Elle raconte une cuisine locale qui défend ses usages face aux versions touristiques, avec une identité très affirmée. Ce goût local donne une accroche simple au joueur sur smartphone.;1;commune;Cuisine niçoise;moins de 15 secondes sur smartphone
06 Alpes-Maritimes;gastronomie;La pissaladière;La pissaladière associe pâte, oignons, anchois et olives dans une spécialité niçoise très parfumée. Elle donne aux Alpes-Maritimes une cuisine de marché et d’apéritif. L’anecdote est courte, mais elle fait immédiatement sentir la Méditerranée. Ce goût local donne une accroche simple au joueur sur smartphone.;2;commune;Cuisine niçoise;moins de 15 secondes sur smartphone
06 Alpes-Maritimes;gastronomie;Le pan bagnat;Le pan bagnat reprend l’esprit de la salade niçoise dans un pain rond imbibé d’huile d’olive. C’est une cuisine portable, parfaite pour un territoire de marché, de plage et de promenade. Une spécialité mobile avant l’heure. Ce goût local donne une accroche simple au joueur sur smartphone.;2;commune;Cuisine niçoise;moins de 15 secondes sur smartphone
06 Alpes-Maritimes;gastronomie;Le citron de Menton;Le citron de Menton bénéficie d’une forte image locale, liée au climat doux et aux jardins. Il donne aux Alpes-Maritimes une saveur très nette, acide et solaire. La gastronomie devient ici presque un marqueur de lumière. Ce goût local donne une accroche simple au joueur sur smartphone.;2;commune;Fête du Citron Menton;moins de 15 secondes sur smartphone
06 Alpes-Maritimes;culture;Le carnaval de Nice;Le carnaval de Nice est l’un des grands carnavals européens, avec chars, fleurs et foule sur la promenade. Il donne au département une culture festive très ancienne et visuelle. Pour GeoDoku, c’est une image immédiatement accessible. C’est un repère culturel facile à retenir pendant une partie.;1;commune;Ville de Nice;moins de 15 secondes sur smartphone
06 Alpes-Maritimes;culture;Matisse à Nice;Le musée Matisse rappelle le lien fort entre l’artiste et Nice. Lumière, couleurs et Méditerranée nourrissent une partie de son œuvre. L’anecdote donne aux Alpes-Maritimes une identité picturale qui dépasse largement la carte postale balnéaire. C’est un repère culturel facile à retenir pendant une partie.;2;commune;Musée Matisse Nice;moins de 15 secondes sur smartphone
06 Alpes-Maritimes;culture;La Fondation Maeght;À Saint-Paul-de-Vence, la Fondation Maeght associe art moderne, architecture et jardin. Le lieu montre que la culture azuréenne n’est pas seulement urbaine. Elle peut se poser dans un village perché et dialoguer avec le paysage. C’est un repère culturel facile à retenir pendant une partie.;3;peu commune;Fondation Maeght;moins de 15 secondes sur smartphone
06 Alpes-Maritimes;culture;Picasso à Antibes;Le musée Picasso d’Antibes occupe le château Grimaldi, où l’artiste travailla après la guerre. Le lieu relie mer, patrimoine et création moderne. Les Alpes-Maritimes deviennent ainsi un atelier méditerranéen, pas seulement une destination touristique. C’est un repère culturel facile à retenir pendant une partie.;2;commune;Musée Picasso Antibes;moins de 15 secondes sur smartphone
06 Alpes-Maritimes;culture;Cannes tapis rouge;Cannes transforme chaque année le cinéma en rituel de marches, flashes et compétition. L’anecdote est connue, mais efficace. Elle donne aux Alpes-Maritimes une puissance culturelle mondiale, concentrée dans une image simple, rouge et immédiatement reconnaissable. C’est un repère culturel facile à retenir pendant une partie.;1;commune;Festival de Cannes;moins de 15 secondes sur smartphone
06 Alpes-Maritimes;insolite;Un aéroport sur la mer;L’aéroport de Nice est installé en bord de mer, avec des pistes gagnées sur la baie. L’arrivée en avion offre souvent une impression spectaculaire. Le département accueille le visiteur par une géographie très condensée, entre eau, ville et montagne. Ce détail crée une image rapide, utile pour retenir le département.;2;commune;Aéroport Nice Côte d'Azur;moins de 15 secondes sur smartphone
06 Alpes-Maritimes;insolite;Èze suspendu;Èze surprend par son village perché au-dessus de la Méditerranée. La distance entre ruelles de pierre et mer bleue crée une image presque verticale. L’anecdote est simple, très visuelle, et résume l’effet balcon de la Côte d’Azur. Ce détail crée une image rapide, utile pour retenir le département.;2;commune;Office de tourisme d'Èze;moins de 15 secondes sur smartphone
06 Alpes-Maritimes;insolite;La Promenade des Anglais;La Promenade des Anglais doit son nom aux hivernants britanniques qui fréquentaient Nice. Ce détail donne une lecture sociale du bord de mer. Une avenue célèbre devient le souvenir d’un tourisme européen ancien et très influent. Ce détail crée une image rapide, utile pour retenir le département.;2;commune;Ville de Nice;moins de 15 secondes sur smartphone
06 Alpes-Maritimes;insolite;Menton fête le citron;La Fête du Citron de Menton transforme un fruit en sculptures géantes et décor urbain. L’anecdote fonctionne parce qu’elle est immédiatement visuelle. Le citron n’est plus seulement un produit local, il devient matière de spectacle populaire. Ce détail crée une image rapide, utile pour retenir le département.;2;commune;Fête du Citron Menton;moins de 15 secondes sur smartphone
06 Alpes-Maritimes;insolite;Des gravures en altitude;Dans la vallée des Merveilles, des milliers de gravures rupestres apparaissent dans un décor de haute montagne. Le contraste est très fort. On ne s’attend pas à trouver une mémoire préhistorique aussi dense dans un département associé aux plages. Ce détail crée une image rapide, utile pour retenir le département.;3;peu commune;Parc national du Mercantour;moins de 15 secondes sur smartphone
34 Hérault;histoire;Montpellier médecine;La faculté de médecine de Montpellier est l’une des plus anciennes encore en activité en Europe. Cette histoire donne à l’Hérault une identité savante très forte. Le département ne se résume pas au littoral, il porte aussi une mémoire universitaire majeure.;2;commune;Université de Montpellier;moins de 15 secondes sur smartphone
34 Hérault;histoire;Béziers 1209;En 1209, Béziers est prise pendant la croisade contre les Albigeois, dans un épisode resté très violent. L’anecdote donne à l’Hérault une profondeur médiévale sombre. Le Sud lumineux cache aussi des mémoires de guerre religieuse. Ce repère aide à mémoriser le département sans multiplier les dates.;3;peu commune;Archives départementales de l'Hérault;moins de 15 secondes sur smartphone
34 Hérault;histoire;Le canal à Béziers;Le Canal du Midi passe par Béziers et ses ouvrages spectaculaires, dont les écluses de Fonseranes. Cette histoire d’ingénierie relie l’Hérault à un projet royal et commercial. L’eau devient ici un monument autant qu’un outil. Ce repère aide à mémoriser le département sans multiplier les dates.;2;commune;Voies navigables de France;moins de 15 secondes sur smartphone
34 Hérault;histoire;Sète fondée par Louis XIV;Sète est créée au XVIIe siècle comme port voulu par le pouvoir royal pour ouvrir le Canal du Midi sur la Méditerranée. L’anecdote est simple. Une ville portuaire naît d’un projet politique, technique et maritime très précis. Ce repère aide à mémoriser le département sans multiplier les dates.;3;peu commune;Ville de Sète;moins de 15 secondes sur smartphone
34 Hérault;histoire;Molière à Pézenas;Pézenas garde la mémoire des passages de Molière et de sa troupe en Languedoc. L’histoire est séduisante parce qu’elle associe théâtre, province et formation d’un regard comique. L’Hérault devient alors un décor de culture vivante. Ce repère aide à mémoriser le département sans multiplier les dates.;2;commune;Office de tourisme de Pézenas;moins de 15 secondes sur smartphone
34 Hérault;histoire;Maguelone isolée;La cathédrale de Maguelone, posée entre lagunes et mer, rappelle un ancien siège épiscopal dans un paysage presque insulaire. L’anecdote est forte car elle relie religion, isolement et littoral. Le patrimoine semble ici émerger de l’eau. Ce repère aide à mémoriser le département sans multiplier les dates.;3;peu commune;Cathédrale de Maguelone;moins de 15 secondes sur smartphone
34 Hérault;histoire;Saint-Guilhem pèlerin;Saint-Guilhem-le-Désert se développe autour d’une abbaye sur les chemins de pèlerinage. Le village donne à l’Hérault une image médiévale très concentrée. Gorge, pierre et spiritualité s’y rejoignent dans un paysage facilement mémorisable. Ce repère aide à mémoriser le département sans multiplier les dates.;2;commune;Office de tourisme Saint-Guilhem;moins de 15 secondes sur smartphone
34 Hérault;histoire;Lattes antique;Lattes, près de Montpellier, conserve la mémoire d’un port antique important dans les échanges méditerranéens. Cette histoire est moins connue que celle de Béziers ou Sète. Elle rappelle pourtant que l’Hérault regarde la mer depuis très longtemps. Ce repère aide à mémoriser le département sans multiplier les dates.;4;rare;Site archéologique Lattara;moins de 15 secondes sur smartphone
34 Hérault;histoire;Lodève textile;Lodève possède une histoire textile et manufacturière qui nuance l’image balnéaire de l’Hérault. Le département n’est pas seulement fait de plages, vignes et villes universitaires. Il garde aussi des traces d’ateliers, de draps et d’économie intérieure. Ce repère aide à mémoriser le département sans multiplier les dates.;4;rare;Ville de Lodève;moins de 15 secondes sur smartphone
34 Hérault;histoire;Montpellier sans port ancien;Montpellier devient puissante sans être directement un grand port maritime. Sa force vient du commerce, de l’université et de sa position de carrefour. L’anecdote est utile, car elle casse l’idée simple ville du Sud égale port. Ce repère aide à mémoriser le département sans multiplier les dates.;3;peu commune;Ville de Montpellier;moins de 15 secondes sur smartphone
34 Hérault;géographie;L’étang de Thau;L’étang de Thau forme une lagune majeure entre Sète, Bouzigues et Mèze. Il donne à l’Hérault une géographie d’eau calme, d’huîtres et de villages. Le littoral n’est pas seulement plage, il est aussi bassin vivant. Ce repère donne une image claire du département en quelques secondes.;1;commune;Sète Archipel de Thau;moins de 15 secondes sur smartphone
34 Hérault;géographie;Le Pic Saint-Loup;Le Pic Saint-Loup domine l’arrière-pays de Montpellier avec une silhouette très reconnaissable. Il donne au département un repère de relief sec et viticole. L’Hérault se lit alors entre ville, garrigue et lignes de calcaire. Ce repère donne une image claire du département en quelques secondes.;2;commune;Grand Pic Saint-Loup Tourisme;moins de 15 secondes sur smartphone
34 Hérault;géographie;Le Salagou rouge;Le lac du Salagou est entouré de terres rouges appelées ruffes. Cette couleur donne au paysage une identité immédiate, presque irréelle. L’anecdote est très visuelle et permet d’associer l’Hérault à autre chose que la Méditerranée. Ce repère donne une image claire du département en quelques secondes.;2;commune;Grand Site Salagou de Mourèze;moins de 15 secondes sur smartphone
34 Hérault;géographie;Gorges et causses;L’arrière-pays héraultais possède des gorges, des causses et des plateaux qui contrastent avec le littoral. Cette diversité géographique explique pourquoi le département peut jouer plusieurs rôles. Il est méditerranéen, mais aussi minéral, rural et spectaculaire. Ce repère donne une image claire du département en quelques secondes.;3;peu commune;Hérault Tourisme;moins de 15 secondes sur smartphone
34 Hérault;géographie;Les lidos méditerranéens;Le littoral héraultais comprend des lidos, ces cordons sableux qui séparent mer et lagunes. Cette géographie fragile structure routes, stations et paysages. Elle montre que la plage est aussi un équilibre naturel, pas seulement une destination de vacances. Ce repère donne une image claire du département en quelques secondes.;3;peu commune;Conservatoire du littoral;moins de 15 secondes sur smartphone
34 Hérault;gastronomie;La tielle de Sète;La tielle de Sète, tourte garnie de poulpe en sauce tomate épicée, raconte une Méditerranée populaire et portuaire. Elle est facile à visualiser et très identitaire. L’Hérault y gagne une spécialité maritime qui tient dans la main. Ce goût local donne une accroche simple au joueur sur smartphone.;1;commune;Ville de Sète;moins de 15 secondes sur smartphone
34 Hérault;gastronomie;Les huîtres de Bouzigues;Les huîtres de Bouzigues sont liées à l’étang de Thau et à ses tables au bord de l’eau. Elles donnent au département une gastronomie de lagune, plus calme que l’océan. Le paysage et l’assiette y sont presque indissociables. Ce goût local donne une accroche simple au joueur sur smartphone.;2;commune;Sète Archipel de Thau;moins de 15 secondes sur smartphone
34 Hérault;gastronomie;Le muscat de Frontignan;Le muscat de Frontignan donne à l’Hérault une note sucrée et très méditerranéenne. Ce vin doux naturel est associé à un territoire précis, entre vignes, étang et mer. Une spécialité simple pour comprendre le goût du département. Ce goût local donne une accroche simple au joueur sur smartphone.;2;commune;INAO;moins de 15 secondes sur smartphone
34 Hérault;gastronomie;Les grisettes de Montpellier;Les grisettes de Montpellier sont de petites confiseries anciennes au miel et à la réglisse. Elles auraient accompagné les pèlerins et voyageurs. L’anecdote donne une entrée douce et discrète dans une ville souvent racontée par l’université ou l’architecture. Ce goût local donne une accroche simple au joueur sur smartphone.;3;peu commune;Office de tourisme de Montpellier;moins de 15 secondes sur smartphone
34 Hérault;gastronomie;Le pélardon;Le pélardon, fromage de chèvre du Languedoc, relie l’Hérault aux garrigues, aux petits élevages et aux marchés. Il donne une image plus intérieure que la tielle ou les huîtres. La gastronomie du département monte aussi vers les reliefs. Ce goût local donne une accroche simple au joueur sur smartphone.;2;commune;INAO;moins de 15 secondes sur smartphone
34 Hérault;culture;Les joutes de Sète;Les joutes nautiques de Sète transforment le canal en scène sportive et populaire. Barques, lances et public créent une image très forte. Cette tradition donne à l’Hérault une culture maritime vivante, spectaculaire et immédiatement lisible. C’est un repère culturel facile à retenir pendant une partie.;1;commune;Ville de Sète;moins de 15 secondes sur smartphone
34 Hérault;culture;Brassens à Sète;Georges Brassens est né à Sète, et la ville reste très liée à sa mémoire. Ses chansons donnent au port une dimension intime et populaire. L’Hérault gagne ici une voix, un accent et une poésie très reconnaissables. C’est un repère culturel facile à retenir pendant une partie.;1;commune;Espace Georges Brassens;moins de 15 secondes sur smartphone
34 Hérault;culture;Le musée Fabre;Le musée Fabre de Montpellier montre l’importance artistique de la ville au-delà de son image étudiante. Ses collections donnent au département une profondeur culturelle classique. L’Hérault n’est pas seulement une destination de soleil, mais aussi de peinture. C’est un repère culturel facile à retenir pendant une partie.;2;commune;Musée Fabre;moins de 15 secondes sur smartphone
34 Hérault;culture;Montpellier danse;Montpellier a construit une forte réputation autour de la danse contemporaine et des festivals. Cette culture du mouvement complète l’image universitaire de la ville. Le département devient un territoire de scènes, de chorégraphies et de création actuelle. C’est un repère culturel facile à retenir pendant une partie.;3;peu commune;Montpellier Danse;moins de 15 secondes sur smartphone
34 Hérault;culture;Street art à Sète;Sète accueille une scène de street art visible dans plusieurs quartiers et événements. Les murs ajoutent une couche contemporaine au port, aux canaux et aux façades anciennes. L’Hérault y gagne une culture urbaine colorée, très mobile. C’est un repère culturel facile à retenir pendant une partie.;3;peu commune;K-Live Sète;moins de 15 secondes sur smartphone
34 Hérault;insolite;Les neuf écluses de Fonseranes;Les écluses de Fonseranes, près de Béziers, forment un escalier d’eau spectaculaire sur le Canal du Midi. L’idée se comprend immédiatement. Les bateaux montent ou descendent par paliers, comme si le paysage devenait une mécanique. Ce détail crée une image rapide, utile pour retenir le département.;1;commune;Voies navigables de France;moins de 15 secondes sur smartphone
34 Hérault;insolite;La cathédrale aux piliers massifs;La cathédrale Saint-Pierre de Montpellier surprend par ses deux grands piliers cylindriques à l’entrée. Le détail est très visuel et presque défensif. Il donne à la ville une silhouette religieuse plus massive que ce que l’on attend du Sud. Ce détail crée une image rapide, utile pour retenir le département.;2;commune;Ville de Montpellier;moins de 15 secondes sur smartphone
34 Hérault;insolite;Mourèze et ses rochers;Le cirque de Mourèze, près du Salagou, offre un paysage de rochers dolomitiques aux formes étranges. On dirait presque un décor sculpté. L’anecdote donne à l’Hérault une dimension minérale et ludique, loin des plages. Ce détail crée une image rapide, utile pour retenir le département.;2;commune;Grand Site Salagou de Mourèze;moins de 15 secondes sur smartphone
34 Hérault;insolite;Sète, île singulière;Sète est souvent appelée l’île singulière, posée entre mer, étang et canaux. Le surnom fonctionne parce qu’il résume une ville difficile à classer. Port, lagune, colline et poésie s’y rencontrent dans un espace très compact. Ce détail crée une image rapide, utile pour retenir le département.;2;commune;Ville de Sète;moins de 15 secondes sur smartphone
34 Hérault;insolite;Clamouse souterraine;La grotte de Clamouse, près de Saint-Guilhem-le-Désert, révèle un Hérault souterrain de concrétions et de volumes cachés. Le contraste avec la lumière méditerranéenne est fort. Sous les garrigues, le département garde une architecture naturelle invisible. Ce détail crée une image rapide, utile pour retenir le département.;3;peu commune;Grotte de Clamouse;moins de 15 secondes sur smartphone
